entry_time,exit_time,type,signal,ret,capital,pos
2026-01-28 09:05:00+08:00,2026-01-29 09:00:00+08:00,EOD,CALL_VTR,1.0392337252368888,60392.33725236889,1
2026-01-29 09:05:00+08:00,2026-01-30 09:00:00+08:00,EOD,CALL_VTR,-0.8334334895816681,50325.737976321936,1
2026-01-30 09:05:00+08:00,2026-02-03 09:00:00+08:00,EOD,PUT_VTR,2.9840652146474884,80360.79479564322,-1
2026-02-03 09:05:00+08:00,2026-02-04 09:00:00+08:00,EOD,PUT_VTR,0.182645816938842,83296.3073987042,-1
2026-02-04 09:10:00+08:00,2026-02-05 09:00:00+08:00,EOD,PUT_VTR,-0.6734839391189279,72076.56235451612,-1
2026-02-05 09:05:00+08:00,2026-02-06 09:00:00+08:00,EOD,PUT_VTR,0.5833563650623675,80485.82663878045,-1
2026-02-06 09:05:00+08:00,2026-02-09 09:00:00+08:00,EOD,PUT_VTR,-0.8787458640155883,66340.50918463965,-1
2026-02-09 09:05:00+08:00,2026-02-10 09:00:00+08:00,EOD,CALL_VTR,-0.298444166841389,62380.72158635099,1
2026-02-10 09:05:00+08:00,2026-02-11 09:00:00+08:00,EOD,CALL_VTR,1.01296767315575,75018.65246537152,1
2026-02-11 09:05:00+08:00,2026-02-23 09:00:00+08:00,EOD,CALL_VTR,1.7096443035721949,100669.69483518845,1
2026-02-24 10:05:00+08:00,2026-02-25 09:00:00+08:00,EOD,CALL_VTR,1.9434566962993567,139799.1333435604,1
2026-02-25 09:05:00+08:00,2026-02-26 09:00:00+08:00,EOD,CALL_VTR,1.2191653410074517,173886.78495862999,1
2026-03-02 09:05:00+08:00,2026-03-03 09:00:00+08:00,EOD,PUT_VTR,-0.629818207146176,151983.3723288186,-1
2026-03-03 09:05:00+08:00,2026-03-04 09:00:00+08:00,EOD,PUT_VTR,10.168779162618527,461080.4422491754,-1
2026-03-04 09:05:00+08:00,2026-03-05 09:00:00+08:00,EOD,PUT_VTR,-0.2841906985489943,434873.4876551609,-1
2026-03-05 09:05:00+08:00,2026-03-06 09:00:00+08:00,EOD,CALL_VTR,-0.8586984767465151,360188.4473697747,1
2026-03-06 09:05:00+08:00,2026-03-09 09:00:00+08:00,EOD,PUT_VTR,6.5169785108884595,829656.5216455949,-1
2026-03-09 09:05:00+08:00,2026-03-10 09:00:00+08:00,EOD,PUT_VTR,-0.28423745543970963,782492.629925294,-1
2026-03-10 09:05:00+08:00,2026-03-11 09:00:00+08:00,EOD,CALL_VTR,0.34184667462556634,835991.1306170891,1
2026-03-12 10:50:00+08:00,2026-03-13 09:00:00+08:00,EOD,PUT_VTR,0.9814438362858846,1000086.7990838512,-1
2026-03-13 09:05:00+08:00,2026-03-16 09:00:00+08:00,EOD,PUT_VTR,-0.8947803146932024,821115.202922898,-1
2026-03-16 10:35:00+08:00,2026-03-17 09:00:00+08:00,EOD,PUT_VTR,0.05309454756949038,829834.5509632223,-1
2026-03-17 09:05:00+08:00,2026-03-18 09:00:00+08:00,EOD,CALL_VTR,0.42000005311539784,899540.6620595314,1
2026-03-18 09:05:00+08:00,2026-03-19 09:00:00+08:00,EOD,CALL_VTR,-0.3070859810076287,844293.3967265708,1
2026-03-19 09:10:00+08:00,2026-03-20 09:00:00+08:00,EOD,PUT_VTR,0.7291339471884837,967413.9921146542,-1
2026-03-20 09:25:00+08:00,2026-03-23 09:00:00+08:00,EOD,PUT_VTR,0.30580246259143146,1026581.5083414679,-1
2026-03-23 09:05:00+08:00,2026-03-24 09:00:00+08:00,EOD,PUT_VTR,-0.8825015268095999,845389.5586402984,-1
2026-03-24 09:05:00+08:00,2026-03-25 09:00:00+08:00,EOD,CALL_VTR,-0.8947834304913265,694101.4447639554,1
2026-03-26 13:10:00+08:00,2026-03-27 09:00:00+08:00,EOD,PUT_SQ,0.5444926748541471,769688.0752198863,-1
2026-03-27 09:05:00+08:00,2026-03-30 09:00:00+08:00,EOD,PUT_VTR,-0.5609770981804352,683332.598631699,-1
2026-03-30 09:05:00+08:00,2026-03-31 09:00:00+08:00,EOD,PUT_VTR,0.1947251787926147,709945.0111203749,-1
2026-03-31 09:05:00+08:00,2026-04-01 09:00:00+08:00,EOD,PUT_VTR,2.4071272305513873,1051730.6048127674,-1
2026-04-01 09:05:00+08:00,2026-04-02 09:00:00+08:00,EOD,CALL_VTR,1.3288528490868876,1331249.6469482316,1
2026-04-02 09:05:00+08:00,2026-04-07 09:00:00+08:00,EOD,CALL_VTR,-0.7478164517778583,1132143.569465961,1
2026-04-07 09:05:00+08:00,2026-04-08 09:00:00+08:00,EOD,CALL_VTR,0.6044612507193611,1269010.9530646163,1
2026-04-08 09:05:00+08:00,2026-04-09 09:00:00+08:00,EOD,CALL_VTR,1.6097294054241347,1677563.8024553002,1
2026-04-10 09:05:00+08:00,2026-04-13 09:00:00+08:00,EOD,CALL_VTR,0.6033564730644893,1879997.598293317,1
2026-04-13 13:05:00+08:00,2026-04-14 09:00:00+08:00,EOD,CALL_VTR,0.493487016412895,2065548.4794223525,1
2026-04-14 09:05:00+08:00,2026-04-15 09:00:00+08:00,EOD,CALL_VTR,1.1577977712863685,2543845.964614182,1
2026-04-15 09:05:00+08:00,2026-04-16 09:00:00+08:00,EOD,CALL_VTR,0.25279391209783536,2672459.719248004,1
2026-04-16 09:15:00+08:00,2026-04-17 09:00:00+08:00,EOD,CALL_VTR,0.8733407621962641,3139253.320877377,1
2026-04-20 09:05:00+08:00,2026-04-21 09:00:00+08:00,EOD,CALL_VTR,-0.303234223983806,2948867.5119484095,1
2026-04-23 09:05:00+08:00,2026-04-24 09:00:00+08:00,EOD,CALL_VTR,-0.6572593888333622,2561233.3402176555,1
2026-04-24 09:05:00+08:00,2026-04-27 09:00:00+08:00,EOD,CALL_VTR,9.183986482621329,7265699.81529726,1
2026-04-27 09:05:00+08:00,2026-04-28 09:00:00+08:00,EOD,CALL_VTR,-0.8784160486000246,5989238.35088379,1
2026-04-29 09:05:00+08:00,2026-04-30 09:00:00+08:00,EOD,PUT_VTR,-0.8024376755746616,5028040.250734628,-1
