date,missed_move,reason
2026-01-20 12:30:00+08:00,-0.007150121178624422,策略過於保守未觸發
2026-01-20 12:35:00+08:00,-0.007354917690142564,策略過於保守未觸發
2026-01-20 12:40:00+08:00,-0.0072788323159353584,策略過於保守未觸發
2026-01-20 12:45:00+08:00,-0.007679556156538829,策略過於保守未觸發
2026-01-20 12:50:00+08:00,-0.007642578876861247,策略過於保守未觸發
2026-01-20 12:55:00+08:00,-0.007444443739412065,策略過於保守未觸發
2026-01-21 09:00:00+08:00,0.006190110557771583,策略過於保守未觸發
2026-01-21 09:30:00+08:00,-0.006321866561612779,策略過於保守未觸發
2026-01-21 09:35:00+08:00,-0.0064196818230691545,策略過於保守未觸發
2026-01-21 09:40:00+08:00,-0.0070309782005255565,策略過於保守未觸發
2026-01-21 09:45:00+08:00,-0.006923409298810017,策略過於保守未觸發
2026-01-21 09:50:00+08:00,-0.00637129268435556,策略過於保守未觸發
2026-01-21 10:05:00+08:00,-0.006569419104129952,策略過於保守未觸發
2026-01-21 10:55:00+08:00,-0.005117165137002791,策略過於保守未觸發
2026-01-21 11:00:00+08:00,-0.005471320151479354,策略過於保守未觸發
2026-01-21 11:05:00+08:00,-0.005318549872949472,策略過於保守未觸發
2026-01-21 11:15:00+08:00,-0.00523839352047431,策略過於保守未觸發
2026-01-21 11:40:00+08:00,-0.005490721092313804,策略過於保守未觸發
2026-01-21 11:45:00+08:00,-0.0072390036378765,策略過於保守未觸發
2026-01-21 11:50:00+08:00,-0.0067388931826148565,策略過於保守未觸發
2026-01-21 12:00:00+08:00,-0.005263894157327756,策略過於保守未觸發
2026-01-21 12:25:00+08:00,-0.005145596496496453,策略過於保守未觸發
2026-01-21 12:30:00+08:00,0.016428713923250966,策略過於保守未觸發
2026-01-21 12:35:00+08:00,0.016367956335643842,策略過於保守未觸發
2026-01-21 12:40:00+08:00,0.01677627527725495,策略過於保守未觸發
2026-01-21 12:45:00+08:00,0.018535740702099963,策略過於保守未觸發
2026-01-21 12:50:00+08:00,0.018140326226098086,策略過於保守未觸發
2026-01-21 12:55:00+08:00,0.018692565443991505,策略過於保守未觸發
2026-01-22 11:20:00+08:00,-0.00529510325279651,策略過於保守未觸發
2026-01-22 11:25:00+08:00,-0.005428783860081996,策略過於保守未觸發
2026-01-22 11:30:00+08:00,-0.0055036585713501875,策略過於保守未觸發
2026-01-22 11:40:00+08:00,-0.005256065640419349,策略過於保守未觸發
2026-01-22 11:45:00+08:00,-0.005054607262989538,策略過於保守未觸發
2026-01-22 12:30:00+08:00,0.007291654237547499,策略過於保守未觸發
2026-01-22 12:35:00+08:00,0.007186344481820493,策略過於保守未觸發
2026-01-22 12:40:00+08:00,0.007276413933654909,策略過於保守未觸發
2026-01-22 12:45:00+08:00,0.008656165010158671,策略過於保守未觸發
2026-01-22 12:50:00+08:00,0.008356642689276793,策略過於保守未觸發
2026-01-22 12:55:00+08:00,0.008318524268478166,策略過於保守未觸發
2026-01-23 09:00:00+08:00,-0.007783157001080024,策略過於保守未觸發
2026-01-23 09:05:00+08:00,-0.007760497896995074,策略過於保守未觸發
2026-01-23 09:10:00+08:00,-0.006149477431723015,策略過於保守未觸發
2026-01-23 12:30:00+08:00,0.0074017901702671,策略過於保守未觸發
2026-01-23 12:35:00+08:00,0.0072652456290072795,策略過於保守未觸發
2026-01-23 12:40:00+08:00,0.007481935711232125,策略過於保守未觸發
2026-01-23 12:45:00+08:00,0.007140127703527994,策略過於保守未觸發
2026-01-23 12:50:00+08:00,0.007422918771518714,策略過於保守未觸發
2026-01-23 12:55:00+08:00,0.008861313391255106,策略過於保守未觸發
2026-01-27 09:10:00+08:00,0.006226422539345597,策略過於保守未觸發
2026-01-27 09:15:00+08:00,0.006077354984935031,策略過於保守未觸發
2026-01-27 09:25:00+08:00,0.0057042343878728865,策略過於保守未觸發
2026-01-27 09:30:00+08:00,0.00623923393140541,策略過於保守未觸發
2026-01-27 12:30:00+08:00,0.008276974083501672,策略過於保守未觸發
2026-01-27 12:35:00+08:00,0.010311908279431719,策略過於保守未觸發
2026-01-27 12:40:00+08:00,0.010554450657397612,策略過於保守未觸發
2026-01-27 12:45:00+08:00,0.010565080146528367,策略過於保守未觸發
2026-01-27 12:50:00+08:00,0.0094918373061501,策略過於保守未觸發
2026-01-27 12:55:00+08:00,0.010654534596980543,策略過於保守未觸發
2026-01-28 12:30:00+08:00,0.009517827009271368,策略過於保守未觸發
2026-01-28 12:35:00+08:00,0.01073724346597642,策略過於保守未觸發
2026-01-28 12:40:00+08:00,0.010883507552476492,策略過於保守未觸發
2026-01-28 12:45:00+08:00,0.009604994460784404,策略過於保守未觸發
2026-01-28 12:50:00+08:00,0.009462841990256753,策略過於保守未觸發
2026-01-28 12:55:00+08:00,0.009337080998564914,策略過於保守未觸發
2026-01-29 09:00:00+08:00,-0.012555173158014313,策略過於保守未觸發
2026-01-29 09:05:00+08:00,-0.009556880043514515,策略過於保守未觸發
2026-01-29 09:10:00+08:00,-0.010282096848748954,策略過於保守未觸發
2026-01-29 09:15:00+08:00,-0.0076368611932314204,策略過於保守未觸發
2026-01-29 09:35:00+08:00,-0.005077738881765318,策略過於保守未觸發
2026-01-29 10:10:00+08:00,0.005218584843039747,策略過於保守未觸發
2026-01-29 10:20:00+08:00,-0.006242503325514942,策略過於保守未觸發
2026-01-29 10:25:00+08:00,-0.007036304506030253,策略過於保守未觸發
2026-01-29 10:30:00+08:00,-0.005891269379069412,策略過於保守未觸發
2026-01-29 10:50:00+08:00,0.005026311563132148,策略過於保守未觸發
2026-01-29 12:30:00+08:00,-0.01012882862581702,策略過於保守未觸發
2026-01-29 12:35:00+08:00,-0.009922929413517688,策略過於保守未觸發
2026-01-29 12:40:00+08:00,-0.011438774263742435,策略過於保守未觸發
2026-01-29 12:45:00+08:00,-0.009901467267229321,策略過於保守未觸發
2026-01-29 12:50:00+08:00,-0.011911561072829294,策略過於保守未觸發
2026-01-29 12:55:00+08:00,-0.013508812720021836,策略過於保守未觸發
2026-01-30 09:00:00+08:00,-0.008818629651414773,策略過於保守未觸發
2026-01-30 09:05:00+08:00,-0.0076189127064411515,策略過於保守未觸發
2026-01-30 09:10:00+08:00,-0.007544772795905602,策略過於保守未觸發
2026-01-30 09:15:00+08:00,-0.008864654758772269,策略過於保守未觸發
2026-01-30 09:20:00+08:00,-0.00709699431500295,策略過於保守未觸發
2026-01-30 09:25:00+08:00,-0.00576932174503727,策略過於保守未觸發
2026-01-30 09:30:00+08:00,-0.005778306456998035,策略過於保守未觸發
2026-01-30 09:35:00+08:00,-0.005147776687610859,策略過於保守未觸發
2026-01-30 10:00:00+08:00,0.008628190856753,策略過於保守未觸發
2026-01-30 10:20:00+08:00,0.006435037457471766,策略過於保守未觸發
2026-01-30 10:25:00+08:00,0.006892869313662945,策略過於保守未觸發
2026-01-30 10:30:00+08:00,0.006972649423464836,策略過於保守未觸發
2026-01-30 10:35:00+08:00,0.006694179205174976,策略過於保守未觸發
2026-01-30 10:40:00+08:00,0.006386398147893409,策略過於保守未觸發
2026-02-03 09:00:00+08:00,-0.0055862106544127,策略過於保守未觸發
2026-02-03 09:05:00+08:00,-0.007253133875884713,策略過於保守未觸發
2026-02-03 09:10:00+08:00,-0.010083213982211773,策略過於保守未觸發
2026-02-03 09:15:00+08:00,-0.00941173475865952,策略過於保守未觸發
2026-02-03 09:20:00+08:00,-0.010427240027833904,策略過於保守未觸發
2026-02-03 09:25:00+08:00,-0.009280776634717859,策略過於保守未觸發
2026-02-03 09:30:00+08:00,-0.00984405293351796,策略過於保守未觸發
2026-02-03 09:35:00+08:00,-0.00841971065165623,策略過於保守未觸發
2026-02-03 09:40:00+08:00,-0.00935487640578015,策略過於保守未觸發
2026-02-03 09:45:00+08:00,-0.006655410119660879,策略過於保守未觸發
2026-02-03 09:50:00+08:00,-0.0067153555264185425,策略過於保守未觸發
2026-02-03 09:55:00+08:00,-0.005037415364573425,策略過於保守未觸發
2026-02-04 09:00:00+08:00,0.009376044777463736,策略過於保守未觸發
2026-02-04 09:05:00+08:00,0.009282639264163492,策略過於保守未觸發
2026-02-04 09:10:00+08:00,0.008791528847756221,策略過於保守未觸發
2026-02-04 09:15:00+08:00,0.008655275033398009,策略過於保守未觸發
2026-02-04 09:20:00+08:00,0.006987693334372989,策略過於保守未觸發
2026-02-04 09:25:00+08:00,0.006679223843410571,策略過於保守未觸發
2026-02-04 09:30:00+08:00,0.005960827718019018,策略過於保守未觸發
2026-02-04 09:35:00+08:00,0.005773705516476068,策略過於保守未觸發
2026-02-04 09:40:00+08:00,0.006881440441562339,策略過於保守未觸發
2026-02-04 09:45:00+08:00,0.00782318697731588,策略過於保守未觸發
2026-02-04 09:50:00+08:00,0.007099053281130661,策略過於保守未觸發
2026-02-04 12:30:00+08:00,-0.01226873049104005,策略過於保守未觸發
2026-02-04 12:35:00+08:00,-0.01247233982487909,策略過於保守未觸發
2026-02-04 12:45:00+08:00,-0.014340306154926182,策略過於保守未觸發
2026-02-04 12:50:00+08:00,-0.014458402493638096,策略過於保守未觸發
2026-02-04 12:55:00+08:00,-0.013205950279750326,策略過於保守未觸發
2026-02-05 09:00:00+08:00,0.005466344073725922,策略過於保守未觸發
2026-02-05 09:10:00+08:00,-0.005048182008712513,策略過於保守未觸發
2026-02-05 09:30:00+08:00,-0.00623833236158209,策略過於保守未觸發
2026-02-05 09:35:00+08:00,-0.006628630946647914,策略過於保守未觸發
2026-02-05 09:40:00+08:00,-0.005586526466370255,策略過於保守未觸發
2026-02-05 09:45:00+08:00,-0.005197227982490518,策略過於保守未觸發
2026-02-05 09:50:00+08:00,-0.005404313783267742,策略過於保守未觸發
2026-02-05 10:00:00+08:00,0.005530023960577052,策略過於保守未觸發
2026-02-05 10:25:00+08:00,-0.0066873026520095705,策略過於保守未觸發
2026-02-05 10:30:00+08:00,-0.006123669799855519,策略過於保守未觸發
2026-02-05 10:35:00+08:00,-0.00507645584140509,策略過於保守未觸發
2026-02-05 10:40:00+08:00,-0.005069590147621164,策略過於保守未觸發
2026-02-05 10:45:00+08:00,-0.00610414652489462,策略過於保守未觸發
2026-02-05 12:30:00+08:00,-0.01740826455548043,策略過於保守未觸發
2026-02-05 12:35:00+08:00,-0.01913863739975706,策略過於保守未觸發
2026-02-05 12:40:00+08:00,-0.019000626160893177,策略過於保守未觸發
2026-02-05 12:45:00+08:00,-0.022320427719247887,策略過於保守未觸發
2026-02-05 12:50:00+08:00,-0.022794115622901904,策略過於保守未觸發
2026-02-05 12:55:00+08:00,-0.022801767415928362,策略過於保守未觸發
2026-02-06 09:00:00+08:00,0.009270024719110783,策略過於保守未觸發
2026-02-06 09:05:00+08:00,0.010830071755237996,策略過於保守未觸發
2026-02-06 09:10:00+08:00,0.009246993774469504,策略過於保守未觸發
2026-02-06 09:15:00+08:00,0.014808000993109645,策略過於保守未觸發
2026-02-06 09:20:00+08:00,0.014278674753988656,策略過於保守未觸發
2026-02-06 09:25:00+08:00,0.0180161326096306,策略過於保守未觸發
2026-02-06 09:30:00+08:00,0.017197849296246685,策略過於保守未觸發
2026-02-06 09:35:00+08:00,0.015742287350479698,策略過於保守未觸發
2026-02-06 09:40:00+08:00,0.014909506699926005,策略過於保守未觸發
2026-02-06 09:45:00+08:00,0.013038135032190012,策略過於保守未觸發
2026-02-06 09:50:00+08:00,0.009998030143333269,策略過於保守未觸發
2026-02-06 09:55:00+08:00,0.009677812053560138,策略過於保守未觸發
2026-02-06 10:00:00+08:00,0.005365752258247364,策略過於保守未觸發
2026-02-06 10:05:00+08:00,0.005615815774918928,策略過於保守未觸發
2026-02-06 10:15:00+08:00,0.005590363070181444,策略過於保守未觸發
2026-02-06 12:30:00+08:00,0.02400889021631768,策略過於保守未觸發
2026-02-06 12:35:00+08:00,0.024842171184475837,策略過於保守未觸發
2026-02-06 12:40:00+08:00,0.02764511712721713,策略過於保守未觸發
2026-02-06 12:45:00+08:00,0.02799150869384004,策略過於保守未觸發
2026-02-06 12:50:00+08:00,0.027182484757949016,策略過於保守未觸發
2026-02-06 12:55:00+08:00,0.028640725628600372,策略過於保守未觸發
2026-02-09 12:30:00+08:00,0.009727765977215672,策略過於保守未觸發
2026-02-09 12:35:00+08:00,0.014949624111997782,策略過於保守未觸發
2026-02-09 12:40:00+08:00,0.015636071512024997,策略過於保守未觸發
2026-02-09 12:45:00+08:00,0.015288286708490337,策略過於保守未觸發
2026-02-09 12:50:00+08:00,0.01601845840856423,策略過於保守未觸發
2026-02-09 12:55:00+08:00,0.014689794061612442,策略過於保守未觸發
2026-02-10 09:00:00+08:00,0.005961515675388619,策略過於保守未觸發
2026-02-10 12:30:00+08:00,0.008876900458838466,策略過於保守未觸發
2026-02-10 12:35:00+08:00,0.010767692156075145,策略過於保守未觸發
2026-02-10 12:40:00+08:00,0.01049434165831797,策略過於保守未觸發
2026-02-10 12:45:00+08:00,0.008729338891881938,策略過於保守未觸發
2026-02-10 12:50:00+08:00,0.01011446115979123,策略過於保守未觸發
2026-02-10 12:55:00+08:00,0.010005117067582612,策略過於保守未觸發
2026-02-11 09:00:00+08:00,0.005088057286363179,策略過於保守未觸發
2026-02-11 09:20:00+08:00,0.005009954173240177,策略過於保守未觸發
2026-02-11 09:50:00+08:00,0.006606494258117588,策略過於保守未觸發
2026-02-11 09:55:00+08:00,0.008643517139507192,策略過於保守未觸發
2026-02-11 10:00:00+08:00,0.0065419808873969166,策略過於保守未觸發
2026-02-11 10:05:00+08:00,0.007451554711934741,策略過於保守未觸發
2026-02-11 10:10:00+08:00,0.007939967118253418,策略過於保守未觸發
2026-02-11 10:15:00+08:00,0.00928104855438653,策略過於保守未觸發
2026-02-11 10:20:00+08:00,0.00613439822839336,策略過於保守未觸發
2026-02-11 10:25:00+08:00,0.005912348660420742,策略過於保守未觸發
2026-02-11 10:30:00+08:00,0.006119593221542566,策略過於保守未觸發
2026-02-11 10:35:00+08:00,0.007236357600256237,策略過於保守未觸發
2026-02-11 12:30:00+08:00,0.006828636847636215,策略過於保守未觸發
2026-02-11 12:35:00+08:00,0.01048247555430365,策略過於保守未觸發
2026-02-11 12:40:00+08:00,0.010437551995463904,策略過於保守未觸發
2026-02-11 12:45:00+08:00,0.01018543170674023,策略過於保守未觸發
2026-02-11 12:50:00+08:00,0.010002638805520034,策略過於保守未觸發
2026-02-11 12:55:00+08:00,0.011155319452587627,策略過於保守未觸發
2026-02-23 09:00:00+08:00,0.008585850207345166,策略過於保守未觸發
2026-02-23 09:05:00+08:00,0.007614593824836029,策略過於保守未觸發
2026-02-23 09:10:00+08:00,0.0067140804229268115,策略過於保守未觸發
2026-02-23 09:15:00+08:00,0.008068472861423473,策略過於保守未觸發
2026-02-23 09:20:00+08:00,0.005418049899392034,策略過於保守未觸發
2026-02-23 09:25:00+08:00,0.005950972015459589,策略過於保守未觸發
2026-02-23 09:40:00+08:00,-0.006260266582476074,策略過於保守未觸發
2026-02-23 12:10:00+08:00,-0.006135405440913145,策略過於保守未觸發
2026-02-23 12:15:00+08:00,-0.0065513004535798355,策略過於保守未觸發
2026-02-23 12:20:00+08:00,-0.007796195654982767,策略過於保守未觸發
2026-02-23 12:25:00+08:00,-0.006549781710358135,策略過於保守未觸發
2026-02-23 12:30:00+08:00,-0.006303529157359332,策略過於保守未觸發
2026-02-23 12:35:00+08:00,-0.00575104536997172,策略過於保守未觸發
2026-02-23 12:40:00+08:00,-0.006536643705654389,策略過於保守未觸發
2026-02-23 12:45:00+08:00,-0.006759714150147168,策略過於保守未觸發
2026-02-23 12:50:00+08:00,0.008590039043330814,策略過於保守未觸發
2026-02-23 12:55:00+08:00,-0.007280392856465705,策略過於保守未觸發
2026-02-24 09:00:00+08:00,0.008468450689084476,策略過於保守未觸發
2026-02-24 09:05:00+08:00,0.008463956880942432,策略過於保守未觸發
2026-02-24 09:20:00+08:00,0.006807274204091597,策略過於保守未觸發
2026-02-24 09:25:00+08:00,0.010038292286761154,策略過於保守未觸發
2026-02-24 09:30:00+08:00,0.010365364641837727,策略過於保守未觸發
2026-02-24 09:35:00+08:00,0.010961364016934125,策略過於保守未觸發
2026-02-24 09:40:00+08:00,0.006516994518410515,策略過於保守未觸發
2026-02-24 09:45:00+08:00,0.008155692696039864,策略過於保守未觸發
2026-02-24 09:50:00+08:00,0.008924230445886864,策略過於保守未觸發
2026-02-24 09:55:00+08:00,0.007766931962882121,策略過於保守未觸發
2026-02-24 10:00:00+08:00,0.008219731042777845,策略過於保守未觸發
2026-02-24 10:05:00+08:00,0.006384361505923338,策略過於保守未觸發
2026-02-24 10:10:00+08:00,0.006508188450095218,策略過於保守未觸發
2026-02-24 10:15:00+08:00,0.00597476908518181,策略過於保守未觸發
2026-02-24 12:05:00+08:00,0.005335400883986311,策略過於保守未觸發
2026-02-24 12:30:00+08:00,0.014101029802684186,策略過於保守未觸發
2026-02-24 12:35:00+08:00,0.01645738554919497,策略過於保守未觸發
2026-02-24 12:40:00+08:00,0.016232892048239248,策略過於保守未觸發
2026-02-24 12:45:00+08:00,0.013637455495243919,策略過於保守未觸發
2026-02-25 09:05:00+08:00,0.005137032816356922,策略過於保守未觸發
2026-02-25 09:10:00+08:00,0.005640848107672676,策略過於保守未觸發
2026-02-25 09:20:00+08:00,0.007611826587731846,策略過於保守未觸發
2026-02-25 09:25:00+08:00,0.007640001523989805,策略過於保守未觸發
2026-02-25 09:30:00+08:00,0.00615929537278474,策略過於保守未觸發
2026-02-25 09:35:00+08:00,0.010018678041874807,策略過於保守未觸發
2026-02-25 09:40:00+08:00,0.007925180747494799,策略過於保守未觸發
2026-02-25 09:45:00+08:00,0.008229218157611094,策略過於保守未觸發
2026-02-25 09:50:00+08:00,0.007738381658018133,策略過於保守未觸發
2026-02-25 09:55:00+08:00,0.009466369045933681,策略過於保守未觸發
2026-02-25 10:00:00+08:00,0.008422685857798654,策略過於保守未觸發
2026-02-25 10:05:00+08:00,0.006975567018188222,策略過於保守未觸發
2026-02-25 10:10:00+08:00,0.00812814480472936,策略過於保守未觸發
2026-02-25 10:15:00+08:00,0.007134082623043511,策略過於保守未觸發
2026-02-25 10:20:00+08:00,0.0051221567497157,策略過於保守未觸發
2026-02-25 10:25:00+08:00,0.005615457679102704,策略過於保守未觸發
2026-02-25 10:45:00+08:00,-0.005183793811956336,策略過於保守未觸發
2026-02-25 10:50:00+08:00,-0.00542338387820754,策略過於保守未觸發
2026-02-25 10:55:00+08:00,-0.007034490374804705,策略過於保守未觸發
2026-02-25 11:00:00+08:00,-0.006995389542361282,策略過於保守未觸發
2026-02-25 11:50:00+08:00,-0.005104276887664599,策略過於保守未觸發
2026-02-25 12:10:00+08:00,0.005294548461310363,策略過於保守未觸發
2026-02-25 12:20:00+08:00,0.005254818452600006,策略過於保守未觸發
2026-02-26 09:00:00+08:00,-0.005360752951753554,策略過於保守未觸發
2026-02-26 09:10:00+08:00,0.005234903221364816,策略過於保守未觸發
2026-02-26 09:15:00+08:00,0.0068317271060648775,策略過於保守未觸發
2026-02-26 09:20:00+08:00,0.007437278639546063,策略過於保守未觸發
2026-02-26 09:25:00+08:00,0.00808324738128823,策略過於保守未觸發
2026-02-26 09:35:00+08:00,0.005905725679955851,策略過於保守未觸發
2026-02-26 10:05:00+08:00,0.0057463920064988894,策略過於保守未觸發
2026-02-26 12:30:00+08:00,-0.016015993612433617,策略過於保守未觸發
2026-02-26 12:35:00+08:00,-0.01630502471897827,策略過於保守未觸發
2026-02-26 12:40:00+08:00,-0.017236792437455597,策略過於保守未觸發
2026-02-26 12:45:00+08:00,-0.01765292807505805,策略過於保守未觸發
2026-02-26 12:50:00+08:00,-0.017087646379244075,策略過於保守未觸發
2026-02-26 12:55:00+08:00,-0.016341670189892698,策略過於保守未觸發
2026-03-02 09:00:00+08:00,0.013706330658182195,策略過於保守未觸發
2026-03-02 09:05:00+08:00,0.007827859717000648,策略過於保守未觸發
2026-03-02 09:15:00+08:00,0.006140369509808032,策略過於保守未觸發
2026-03-02 09:20:00+08:00,0.00629021687917685,策略過於保守未觸發
2026-03-02 09:25:00+08:00,0.00506990800689304,策略過於保守未觸發
2026-03-02 09:30:00+08:00,-0.005743335962881698,策略過於保守未觸發
2026-03-02 09:35:00+08:00,-0.005131053496759926,策略過於保守未觸發
2026-03-02 12:30:00+08:00,-0.005068611763371284,策略過於保守未觸發
2026-03-02 12:35:00+08:00,-0.005118208539497708,策略過於保守未觸發
2026-03-02 12:40:00+08:00,-0.005566559320900358,策略過於保守未觸發
2026-03-02 12:55:00+08:00,-0.005932279692712209,策略過於保守未觸發
2026-03-03 09:00:00+08:00,-0.016926885142477227,策略過於保守未觸發
2026-03-03 09:05:00+08:00,-0.019711452519238903,策略過於保守未觸發
2026-03-03 09:10:00+08:00,-0.01884604468321882,策略過於保守未觸發
2026-03-03 09:15:00+08:00,-0.021513069882067894,策略過於保守未觸發
2026-03-03 09:20:00+08:00,-0.021358731495901527,策略過於保守未觸發
2026-03-03 09:25:00+08:00,-0.01638321682840325,策略過於保守未觸發
2026-03-03 09:30:00+08:00,-0.014486853791876829,策略過於保守未觸發
2026-03-03 09:35:00+08:00,-0.01517727250071913,策略過於保守未觸發
2026-03-03 09:40:00+08:00,-0.01467493731937111,策略過於保守未觸發
2026-03-03 09:45:00+08:00,-0.012181355034510588,策略過於保守未觸發
2026-03-03 09:50:00+08:00,-0.009983853052781858,策略過於保守未觸發
2026-03-03 09:55:00+08:00,-0.00797849557021039,策略過於保守未觸發
2026-03-03 10:00:00+08:00,0.005443563618315591,策略過於保守未觸發
2026-03-03 10:10:00+08:00,-0.0072678669193040005,策略過於保守未觸發
2026-03-03 11:45:00+08:00,-0.005691870908010673,策略過於保守未觸發
2026-03-03 11:55:00+08:00,-0.005407760448333917,策略過於保守未觸發
2026-03-03 12:00:00+08:00,-0.0053504000926374385,策略過於保守未觸發
2026-03-03 12:30:00+08:00,-0.024680848067164963,策略過於保守未觸發
2026-03-03 12:35:00+08:00,-0.028330038975342895,策略過於保守未觸發
2026-03-03 12:40:00+08:00,-0.03333549399768578,策略過於保守未觸發
2026-03-03 12:45:00+08:00,-0.0368927894519048,策略過於保守未觸發
2026-03-03 12:50:00+08:00,-0.039295942680126365,策略過於保守未觸發
2026-03-03 12:55:00+08:00,-0.03779444716734637,策略過於保守未觸發
2026-03-04 09:00:00+08:00,-0.014381224436843391,策略過於保守未觸發
2026-03-04 09:05:00+08:00,-0.0099775098360836,策略過於保守未觸發
2026-03-04 09:10:00+08:00,0.006775751036420513,策略過於保守未觸發
2026-03-04 09:15:00+08:00,0.01056362931675894,策略過於保守未觸發
2026-03-04 09:20:00+08:00,0.012965579041446088,策略過於保守未觸發
2026-03-04 09:25:00+08:00,0.01194566200440942,策略過於保守未觸發
2026-03-04 09:30:00+08:00,0.008193910474272138,策略過於保守未觸發
2026-03-04 09:35:00+08:00,-0.013408158390045846,策略過於保守未觸發
2026-03-04 09:40:00+08:00,-0.012762249699589901,策略過於保守未觸發
2026-03-04 09:45:00+08:00,-0.007555989074112078,策略過於保守未觸發
2026-03-04 09:50:00+08:00,-0.007927091960436323,策略過於保守未觸發
2026-03-04 09:55:00+08:00,-0.010162142552033657,策略過於保守未觸發
2026-03-04 10:00:00+08:00,-0.008185233488408309,策略過於保守未觸發
2026-03-04 10:05:00+08:00,-0.006275838474201824,策略過於保守未觸發
2026-03-04 10:10:00+08:00,-0.00669467879552152,策略過於保守未觸發
2026-03-04 10:45:00+08:00,-0.006059291215168959,策略過於保守未觸發
2026-03-04 10:50:00+08:00,-0.00521338830433035,策略過於保守未觸發
2026-03-04 10:55:00+08:00,-0.005256617525136044,策略過於保守未觸發
2026-03-04 11:35:00+08:00,-0.005710786564582132,策略過於保守未觸發
2026-03-04 11:40:00+08:00,-0.005362580101441628,策略過於保守未觸發
2026-03-04 11:55:00+08:00,-0.00529566173601504,策略過於保守未觸發
2026-03-04 12:05:00+08:00,-0.00644038226327866,策略過於保守未觸發
2026-03-04 12:10:00+08:00,-0.00641421378815024,策略過於保守未觸發
2026-03-04 12:15:00+08:00,-0.006394733221089084,策略過於保守未觸發
2026-03-04 12:25:00+08:00,-0.005813368087562505,策略過於保守未觸發
2026-03-04 12:30:00+08:00,0.0344120742690895,策略過於保守未觸發
2026-03-04 12:35:00+08:00,0.039871439128831065,策略過於保守未觸發
2026-03-04 12:40:00+08:00,0.042433305833846774,策略過於保守未觸發
2026-03-04 12:45:00+08:00,0.04383787743665398,策略過於保守未觸發
2026-03-04 12:50:00+08:00,0.04238840315279582,策略過於保守未觸發
2026-03-04 12:55:00+08:00,0.039764188864805594,策略過於保守未觸發
2026-03-05 09:00:00+08:00,-0.013160307860329496,策略過於保守未觸發
2026-03-05 09:05:00+08:00,-0.014604480236014638,策略過於保守未觸發
2026-03-05 09:10:00+08:00,-0.01869552418024585,策略過於保守未觸發
2026-03-05 09:15:00+08:00,-0.01566398868698606,策略過於保守未觸發
2026-03-05 09:20:00+08:00,-0.01491494480077145,策略過於保守未觸發
2026-03-05 09:25:00+08:00,-0.017626220020992317,策略過於保守未觸發
2026-03-05 09:30:00+08:00,-0.019429771659823555,策略過於保守未觸發
2026-03-05 09:35:00+08:00,-0.01971279453887928,策略過於保守未觸發
2026-03-05 09:40:00+08:00,-0.014986937516419203,策略過於保守未觸發
2026-03-05 09:45:00+08:00,-0.013358372977968417,策略過於保守未觸發
2026-03-05 09:50:00+08:00,-0.011347024930878113,策略過於保守未觸發
2026-03-05 09:55:00+08:00,-0.006832545244609147,策略過於保守未觸發
2026-03-05 10:00:00+08:00,0.00559292719531267,策略過於保守未觸發
2026-03-05 10:05:00+08:00,-0.00534959040170371,策略過於保守未觸發
2026-03-05 10:10:00+08:00,-0.005522699358068179,策略過於保守未觸發
2026-03-05 10:15:00+08:00,0.005300672795543009,策略過於保守未觸發
2026-03-05 10:20:00+08:00,0.006595882940931656,策略過於保守未觸發
2026-03-05 10:25:00+08:00,0.01000251906836882,策略過於保守未觸發
2026-03-05 10:30:00+08:00,0.009995222892829678,策略過於保守未觸發
2026-03-05 10:35:00+08:00,0.006069808719433775,策略過於保守未觸發
2026-03-05 10:45:00+08:00,-0.008207245156633677,策略過於保守未觸發
2026-03-05 10:50:00+08:00,-0.00958125417825812,策略過於保守未觸發
2026-03-05 10:55:00+08:00,-0.005411844681969122,策略過於保守未觸發
2026-03-05 11:00:00+08:00,-0.006357341264345824,策略過於保守未觸發
2026-03-05 11:05:00+08:00,-0.008115566481093196,策略過於保守未觸發
2026-03-05 11:10:00+08:00,-0.007945143349041813,策略過於保守未觸發
2026-03-05 11:15:00+08:00,-0.008095256494587469,策略過於保守未觸發
2026-03-05 11:20:00+08:00,-0.008003334799963487,策略過於保守未觸發
2026-03-05 11:25:00+08:00,-0.006485832591268216,策略過於保守未觸發
2026-03-05 11:45:00+08:00,0.006757456410242075,策略過於保守未觸發
2026-03-05 11:50:00+08:00,0.0064510194231565295,策略過於保守未觸發
2026-03-05 11:55:00+08:00,0.0076833863368648446,策略過於保守未觸發
2026-03-05 12:00:00+08:00,0.00898274023960894,策略過於保守未觸發
2026-03-05 12:05:00+08:00,0.008860724656914112,策略過於保守未觸發
2026-03-05 12:10:00+08:00,0.008749912548681234,策略過於保守未觸發
2026-03-05 12:15:00+08:00,0.00890625643231251,策略過於保守未觸發
2026-03-05 12:20:00+08:00,0.007600762219250194,策略過於保守未觸發
2026-03-05 12:25:00+08:00,0.006938147134112254,策略過於保守未觸發
2026-03-05 12:30:00+08:00,-0.00801074217604115,策略過於保守未觸發
2026-03-05 12:35:00+08:00,-0.010874615652565558,策略過於保守未觸發
2026-03-05 12:40:00+08:00,-0.010548293892145236,策略過於保守未觸發
2026-03-05 12:45:00+08:00,-0.012117066700789254,策略過於保守未觸發
2026-03-05 12:50:00+08:00,-0.011604992691172038,策略過於保守未觸發
2026-03-05 12:55:00+08:00,-0.013018594673296005,策略過於保守未觸發
2026-03-06 09:00:00+08:00,0.008740762845117486,策略過於保守未觸發
2026-03-06 09:05:00+08:00,0.005278719443283283,策略過於保守未觸發
2026-03-06 09:10:00+08:00,0.0059812393345070256,策略過於保守未觸發
2026-03-06 09:15:00+08:00,0.0060389069659951165,策略過於保守未觸發
2026-03-06 09:20:00+08:00,0.009132546732489678,策略過於保守未觸發
2026-03-06 09:25:00+08:00,0.011017367861400814,策略過於保守未觸發
2026-03-06 09:30:00+08:00,0.010333116057268946,策略過於保守未觸發
2026-03-06 09:35:00+08:00,0.00950784562506907,策略過於保守未觸發
2026-03-06 09:40:00+08:00,0.009134461766287268,策略過於保守未觸發
2026-03-06 09:45:00+08:00,0.009140811923083915,策略過於保守未觸發
2026-03-06 09:50:00+08:00,0.005446342571220778,策略過於保守未觸發
2026-03-06 09:55:00+08:00,0.005612836773109478,策略過於保守未觸發
2026-03-06 10:00:00+08:00,0.005409922017803272,策略過於保守未觸發
2026-03-06 10:05:00+08:00,0.005013785531093722,策略過於保守未觸發
2026-03-06 10:30:00+08:00,-0.007767236020282312,策略過於保守未觸發
2026-03-06 10:35:00+08:00,-0.006059124537350634,策略過於保守未觸發
2026-03-06 10:40:00+08:00,-0.00546476543225913,策略過於保守未觸發
2026-03-06 10:45:00+08:00,-0.005929385263166681,策略過於保守未觸發
2026-03-06 12:30:00+08:00,-0.055169954585564486,策略過於保守未觸發
2026-03-06 12:35:00+08:00,-0.05491182826926778,策略過於保守未觸發
2026-03-06 12:40:00+08:00,-0.05409672819792358,策略過於保守未觸發
2026-03-06 12:45:00+08:00,-0.05556819055186757,策略過於保守未觸發
2026-03-06 12:50:00+08:00,-0.05439273041388817,策略過於保守未觸發
2026-03-06 12:55:00+08:00,-0.054248937003097415,策略過於保守未觸發
2026-03-09 09:00:00+08:00,0.009693458554433623,策略過於保守未觸發
2026-03-09 09:05:00+08:00,-0.00755482609777946,策略過於保守未觸發
2026-03-09 09:10:00+08:00,-0.010883772619443791,策略過於保守未觸發
2026-03-09 09:15:00+08:00,-0.012427518891879616,策略過於保守未觸發
2026-03-09 09:20:00+08:00,-0.009196188452715557,策略過於保守未觸發
2026-03-09 09:55:00+08:00,0.007210811082969247,策略過於保守未觸發
2026-03-09 10:00:00+08:00,0.00771252915433312,策略過於保守未觸發
2026-03-09 10:15:00+08:00,0.00816762940935525,策略過於保守未觸發
2026-03-09 10:20:00+08:00,0.008302172256334714,策略過於保守未觸發
2026-03-09 10:25:00+08:00,0.007857373626445363,策略過於保守未觸發
2026-03-09 10:30:00+08:00,0.010125139187564348,策略過於保守未觸發
2026-03-09 10:35:00+08:00,0.007374581696869685,策略過於保守未觸發
2026-03-09 10:40:00+08:00,0.007464752090348512,策略過於保守未觸發
2026-03-09 11:15:00+08:00,-0.005005072043425808,策略過於保守未觸發
2026-03-09 12:30:00+08:00,0.03400675469724165,策略過於保守未觸發
2026-03-09 12:35:00+08:00,0.03566631136061347,策略過於保守未觸發
2026-03-09 12:40:00+08:00,0.04065300760862414,策略過於保守未觸發
2026-03-09 12:45:00+08:00,0.039014298043457206,策略過於保守未觸發
2026-03-09 12:50:00+08:00,0.03896578731275664,策略過於保守未觸發
2026-03-09 12:55:00+08:00,0.03863511202866444,策略過於保守未觸發
2026-03-10 09:00:00+08:00,0.005641158768614683,策略過於保守未觸發
2026-03-10 09:50:00+08:00,-0.008313366975367553,策略過於保守未觸發
2026-03-10 09:55:00+08:00,-0.007142744409086423,策略過於保守未觸發
2026-03-10 10:00:00+08:00,-0.007793814957287295,策略過於保守未觸發
2026-03-10 10:05:00+08:00,-0.007593056639330987,策略過於保守未觸發
2026-03-10 10:10:00+08:00,-0.01062173889467151,策略過於保守未觸發
2026-03-10 10:15:00+08:00,-0.013395104980664057,策略過於保守未觸發
2026-03-10 10:20:00+08:00,-0.012991952226495747,策略過於保守未觸發
2026-03-10 10:25:00+08:00,-0.013327897032972992,策略過於保守未觸發
2026-03-10 10:30:00+08:00,-0.015643642214640017,策略過於保守未觸發
2026-03-10 10:35:00+08:00,-0.017806671831771606,策略過於保守未觸發
2026-03-10 10:40:00+08:00,-0.016965395173937317,策略過於保守未觸發
2026-03-10 10:45:00+08:00,-0.016556705281631695,策略過於保守未觸發
2026-03-10 10:50:00+08:00,-0.012828015963257753,策略過於保守未觸發
2026-03-10 10:55:00+08:00,-0.012510187255698635,策略過於保守未觸發
2026-03-10 11:00:00+08:00,-0.012343110482113432,策略過於保守未觸發
2026-03-10 11:05:00+08:00,-0.012256370688631002,策略過於保守未觸發
2026-03-10 11:10:00+08:00,-0.010561480573699957,策略過於保守未觸發
2026-03-10 11:15:00+08:00,-0.007628985626141845,策略過於保守未觸發
2026-03-10 11:20:00+08:00,-0.009136777467004923,策略過於保守未觸發
2026-03-10 11:25:00+08:00,-0.0077907182956071285,策略過於保守未觸發
2026-03-10 11:40:00+08:00,0.006948798049067713,策略過於保守未觸發
2026-03-10 11:45:00+08:00,0.007895119208845877,策略過於保守未觸發
2026-03-10 11:50:00+08:00,0.007500733717828695,策略過於保守未觸發
2026-03-10 11:55:00+08:00,0.0072774440294968434,策略過於保守未觸發
2026-03-10 12:00:00+08:00,0.009719551504351274,策略過於保守未觸發
2026-03-10 12:05:00+08:00,0.011308168529933285,策略過於保守未觸發
2026-03-10 12:10:00+08:00,0.009227295883633057,策略過於保守未觸發
2026-03-10 12:15:00+08:00,0.007645123191515981,策略過於保守未觸發
2026-03-10 12:20:00+08:00,0.005017323752882939,策略過於保守未觸發
2026-03-10 12:25:00+08:00,0.0050004027045746705,策略過於保守未觸發
2026-03-10 12:30:00+08:00,0.018036555048136785,策略過於保守未觸發
2026-03-10 12:35:00+08:00,0.019385061634719973,策略過於保守未觸發
2026-03-10 12:40:00+08:00,0.020751531245673027,策略過於保守未觸發
2026-03-10 12:45:00+08:00,0.027062010644610883,策略過於保守未觸發
2026-03-10 12:50:00+08:00,0.026374527959110983,策略過於保守未觸發
2026-03-10 12:55:00+08:00,0.02627640875781295,策略過於保守未觸發
2026-03-11 09:00:00+08:00,0.011053105200732667,策略過於保守未觸發
2026-03-11 09:05:00+08:00,0.007863032243120856,策略過於保守未觸發
2026-03-11 09:15:00+08:00,0.005285445801285229,策略過於保守未觸發
2026-03-11 09:25:00+08:00,0.006795676993817102,策略過於保守未觸發
2026-03-11 09:30:00+08:00,0.006365603823057619,策略過於保守未觸發
2026-03-11 09:35:00+08:00,0.007022209787906938,策略過於保守未觸發
2026-03-11 09:40:00+08:00,0.007513158744623003,策略過於保守未觸發
2026-03-11 09:45:00+08:00,0.006373735017771542,策略過於保守未觸發
2026-03-11 09:50:00+08:00,0.009631636804274148,策略過於保守未觸發
2026-03-11 09:55:00+08:00,0.008177449054971564,策略過於保守未觸發
2026-03-11 10:00:00+08:00,0.009748367769932535,策略過於保守未觸發
2026-03-11 10:05:00+08:00,0.010403171785598377,策略過於保守未觸發
2026-03-11 10:10:00+08:00,0.013483918929348174,策略過於保守未觸發
2026-03-11 10:15:00+08:00,0.009193673748052137,策略過於保守未觸發
2026-03-11 10:20:00+08:00,0.00798337507001821,策略過於保守未觸發
2026-03-11 10:25:00+08:00,0.008083249291607064,策略過於保守未觸發
2026-03-11 10:30:00+08:00,0.008019108677427327,策略過於保守未觸發
2026-03-11 10:35:00+08:00,0.008981837480508155,策略過於保守未觸發
2026-03-11 10:40:00+08:00,0.008921853872126783,策略過於保守未觸發
2026-03-11 10:50:00+08:00,0.006972265608277093,策略過於保守未觸發
2026-03-11 10:55:00+08:00,0.008101667862374283,策略過於保守未觸發
2026-03-11 11:00:00+08:00,0.005463341372322142,策略過於保守未觸發
2026-03-11 11:20:00+08:00,0.0052335948829114074,策略過於保守未觸發
2026-03-11 12:30:00+08:00,-0.01220071747011503,策略過於保守未觸發
2026-03-11 12:35:00+08:00,-0.013272935847952815,策略過於保守未觸發
2026-03-11 12:40:00+08:00,-0.013307095727614257,策略過於保守未觸發
2026-03-11 12:45:00+08:00,-0.013355005765046588,策略過於保守未觸發
2026-03-11 12:50:00+08:00,-0.013169088819587118,策略過於保守未觸發
2026-03-11 12:55:00+08:00,-0.01303803673100732,策略過於保守未觸發
2026-03-12 09:00:00+08:00,0.00609634269185663,策略過於保守未觸發
2026-03-12 09:05:00+08:00,0.007011118181118141,策略過於保守未觸發
2026-03-12 09:10:00+08:00,0.006576008022604781,策略過於保守未觸發
2026-03-12 09:15:00+08:00,0.005756812629205037,策略過於保守未觸發
2026-03-12 09:20:00+08:00,-0.006466461041768758,策略過於保守未觸發
2026-03-12 09:25:00+08:00,-0.006876295262662354,策略過於保守未觸發
2026-03-12 09:30:00+08:00,-0.008745167058241025,策略過於保守未觸發
2026-03-12 09:35:00+08:00,-0.012483898513431187,策略過於保守未觸發
2026-03-12 09:40:00+08:00,-0.012691610787075612,策略過於保守未觸發
2026-03-12 09:45:00+08:00,-0.012348736167100595,策略過於保守未觸發
2026-03-12 09:50:00+08:00,-0.00944132287668515,策略過於保守未觸發
2026-03-12 09:55:00+08:00,-0.009876923599665442,策略過於保守未觸發
2026-03-12 10:00:00+08:00,-0.008992270443889895,策略過於保守未觸發
2026-03-12 10:05:00+08:00,-0.007725537429320211,策略過於保守未觸發
2026-03-12 10:10:00+08:00,-0.0074659607313844805,策略過於保守未觸發
2026-03-12 10:15:00+08:00,-0.007610825412509332,策略過於保守未觸發
2026-03-12 10:20:00+08:00,-0.0057488579112018705,策略過於保守未觸發
2026-03-12 10:25:00+08:00,-0.006006104260660701,策略過於保守未觸發
2026-03-12 10:30:00+08:00,-0.006404515518615914,策略過於保守未觸發
2026-03-12 10:45:00+08:00,0.005769842229581615,策略過於保守未觸發
2026-03-12 12:30:00+08:00,-0.016880147422230766,策略過於保守未觸發
2026-03-12 12:35:00+08:00,-0.016650680191967818,策略過於保守未觸發
2026-03-12 12:40:00+08:00,-0.01588989726556986,策略過於保守未觸發
2026-03-12 12:45:00+08:00,-0.014621141880806767,策略過於保守未觸發
2026-03-12 12:50:00+08:00,-0.014696276677047097,策略過於保守未觸發
2026-03-12 12:55:00+08:00,-0.015939096752350758,策略過於保守未觸發
2026-03-13 09:00:00+08:00,0.014122705462065684,策略過於保守未觸發
2026-03-13 09:05:00+08:00,0.01316911396320105,策略過於保守未觸發
2026-03-13 09:10:00+08:00,0.013724716712963672,策略過於保守未觸發
2026-03-13 09:15:00+08:00,0.011759639825478766,策略過於保守未觸發
2026-03-13 09:20:00+08:00,0.010196516516798424,策略過於保守未觸發
2026-03-13 09:25:00+08:00,0.009236892752935422,策略過於保守未觸發
2026-03-13 09:30:00+08:00,-0.005362700363041754,策略過於保守未觸發
2026-03-13 09:35:00+08:00,0.00735622618318508,策略過於保守未觸發
2026-03-13 09:40:00+08:00,0.010042081449609556,策略過於保守未觸發
2026-03-13 09:45:00+08:00,0.010195568191179049,策略過於保守未觸發
2026-03-13 09:50:00+08:00,0.007812373786743057,策略過於保守未觸發
2026-03-13 09:55:00+08:00,0.007379094484706107,策略過於保守未觸發
2026-03-13 10:05:00+08:00,-0.00731319399722889,策略過於保守未觸發
2026-03-13 10:10:00+08:00,-0.005181148108336145,策略過於保守未觸發
2026-03-13 10:40:00+08:00,0.00553858438688367,策略過於保守未觸發
2026-03-13 12:30:00+08:00,0.008771582560232525,策略過於保守未觸發
2026-03-13 12:35:00+08:00,0.008736138198489332,策略過於保守未觸發
2026-03-13 12:40:00+08:00,0.008191789551508857,策略過於保守未觸發
2026-03-13 12:45:00+08:00,0.007676558026673093,策略過於保守未觸發
2026-03-13 12:50:00+08:00,0.007914763544786119,策略過於保守未觸發
2026-03-13 12:55:00+08:00,0.007448128043000409,策略過於保守未觸發
2026-03-16 09:00:00+08:00,-0.009904092779087133,策略過於保守未觸發
2026-03-16 09:05:00+08:00,-0.007471980509557017,策略過於保守未觸發
2026-03-16 09:15:00+08:00,0.005939100065220814,策略過於保守未觸發
2026-03-16 09:25:00+08:00,0.006953348358156418,策略過於保守未觸發
2026-03-16 09:30:00+08:00,0.007077571729396455,策略過於保守未觸發
2026-03-16 09:35:00+08:00,0.006408049337796229,策略過於保守未觸發
2026-03-16 09:40:00+08:00,0.005887846296617534,策略過於保守未觸發
2026-03-16 09:50:00+08:00,-0.005860485534513566,策略過於保守未觸發
2026-03-16 10:40:00+08:00,0.0058255192117290565,策略過於保守未觸發
2026-03-16 10:45:00+08:00,0.006756096812598858,策略過於保守未觸發
2026-03-16 10:50:00+08:00,0.0069070360664201785,策略過於保守未觸發
2026-03-16 10:55:00+08:00,0.00513306255388716,策略過於保守未觸發
2026-03-16 11:00:00+08:00,0.006746782513173558,策略過於保守未觸發
2026-03-16 11:05:00+08:00,0.006544032887599883,策略過於保守未觸發
2026-03-16 11:10:00+08:00,0.0051267163105508376,策略過於保守未觸發
2026-03-16 11:40:00+08:00,-0.005076138589041232,策略過於保守未觸發
2026-03-16 12:30:00+08:00,0.00987392670714259,策略過於保守未觸發
2026-03-16 12:35:00+08:00,0.010701283873773667,策略過於保守未觸發
2026-03-16 12:40:00+08:00,0.011843526456302676,策略過於保守未觸發
2026-03-16 12:45:00+08:00,0.012102916895596203,策略過於保守未觸發
2026-03-16 12:50:00+08:00,0.01228381153749068,策略過於保守未觸發
2026-03-16 12:55:00+08:00,0.012278009593192897,策略過於保守未觸發
2026-03-17 09:00:00+08:00,0.005547047117488318,策略過於保守未觸發
2026-03-17 09:05:00+08:00,0.006317062486730318,策略過於保守未觸發
2026-03-17 09:10:00+08:00,0.006250037580474249,策略過於保守未觸發
2026-03-17 09:15:00+08:00,0.00691125145488612,策略過於保守未觸發
2026-03-17 09:20:00+08:00,0.005686846025130617,策略過於保守未觸發
2026-03-17 09:25:00+08:00,0.005610957007045851,策略過於保守未觸發
2026-03-17 09:55:00+08:00,-0.005198550955269264,策略過於保守未觸發
2026-03-17 10:00:00+08:00,-0.005239871997083897,策略過於保守未觸發
2026-03-17 12:30:00+08:00,0.017829056872084525,策略過於保守未觸發
2026-03-17 12:35:00+08:00,0.02073119210291492,策略過於保守未觸發
2026-03-17 12:45:00+08:00,0.017904626183889834,策略過於保守未觸發
2026-03-17 12:50:00+08:00,0.017780231660945216,策略過於保守未觸發
2026-03-17 12:55:00+08:00,0.01820033215051512,策略過於保守未觸發
2026-03-18 09:05:00+08:00,-0.00528587245721798,策略過於保守未觸發
2026-03-18 12:30:00+08:00,-0.010574303167094956,策略過於保守未觸發
2026-03-18 12:35:00+08:00,-0.01045602233541574,策略過於保守未觸發
2026-03-18 12:40:00+08:00,-0.01029313481888374,策略過於保守未觸發
2026-03-18 12:45:00+08:00,-0.010597585400144837,策略過於保守未觸發
2026-03-18 12:50:00+08:00,-0.011030487097744197,策略過於保守未觸發
2026-03-18 12:55:00+08:00,-0.012079089521140517,策略過於保守未觸發
2026-03-19 09:30:00+08:00,0.006875215406883008,策略過於保守未觸發
2026-03-19 11:20:00+08:00,-0.005200532194584537,策略過於保守未觸發
2026-03-19 11:25:00+08:00,-0.00587111352307778,策略過於保守未觸發
2026-03-19 11:30:00+08:00,-0.005628642644325978,策略過於保守未觸發
2026-03-19 11:35:00+08:00,-0.007567832378915314,策略過於保守未觸發
2026-03-19 11:40:00+08:00,-0.007047969409743925,策略過於保守未觸發
2026-03-19 11:45:00+08:00,-0.005419378305498637,策略過於保守未觸發
2026-03-19 11:50:00+08:00,-0.00530175670543241,策略過於保守未觸發
2026-03-19 11:55:00+08:00,-0.0065555264429065395,策略過於保守未觸發
2026-03-19 12:35:00+08:00,0.005395836564306727,策略過於保守未觸發
2026-03-19 12:40:00+08:00,0.005892148888612579,策略過於保守未觸發
2026-03-19 12:45:00+08:00,0.005745068203350272,策略過於保守未觸發
2026-03-19 12:50:00+08:00,-0.010242325464729089,策略過於保守未觸發
2026-03-19 12:55:00+08:00,-0.010448824644716574,策略過於保守未觸發
2026-03-20 09:00:00+08:00,-0.015398366861871241,策略過於保守未觸發
2026-03-20 09:05:00+08:00,-0.01371802803173947,策略過於保守未觸發
2026-03-20 09:10:00+08:00,-0.009300757768685178,策略過於保守未觸發
2026-03-20 09:15:00+08:00,0.00902621155638397,策略過於保守未觸發
2026-03-20 09:20:00+08:00,0.013417885826521526,策略過於保守未觸發
2026-03-20 09:25:00+08:00,0.008194545017093892,策略過於保守未觸發
2026-03-20 09:40:00+08:00,-0.005360861497011885,策略過於保守未觸發
2026-03-20 10:50:00+08:00,-0.00591347312118073,策略過於保守未觸發
2026-03-20 10:55:00+08:00,-0.005180431659468025,策略過於保守未觸發
2026-03-20 11:10:00+08:00,-0.006260103566035265,策略過於保守未觸發
2026-03-20 11:15:00+08:00,-0.00841029579065147,策略過於保守未觸發
2026-03-20 11:20:00+08:00,-0.00875350577657551,策略過於保守未觸發
2026-03-20 11:25:00+08:00,-0.008513822141748182,策略過於保守未觸發
2026-03-20 11:30:00+08:00,-0.008170215032473133,策略過於保守未觸發
2026-03-20 11:35:00+08:00,-0.0073127428609175435,策略過於保守未觸發
2026-03-20 11:40:00+08:00,-0.006247577485935932,策略過於保守未觸發
2026-03-20 11:55:00+08:00,-0.005847478793415932,策略過於保守未觸發
2026-03-20 12:00:00+08:00,-0.005998144705110463,策略過於保守未觸發
2026-03-20 12:30:00+08:00,-0.026559564036408658,策略過於保守未觸發
2026-03-20 12:35:00+08:00,-0.027286963968923963,策略過於保守未觸發
2026-03-20 12:40:00+08:00,-0.028018709839373795,策略過於保守未觸發
2026-03-20 12:45:00+08:00,-0.0271267866420255,策略過於保守未觸發
2026-03-20 12:50:00+08:00,-0.028471633863399376,策略過於保守未觸發
2026-03-20 12:55:00+08:00,-0.027578163358375818,策略過於保守未觸發
2026-03-23 09:00:00+08:00,0.007040673905651699,策略過於保守未觸發
2026-03-23 09:05:00+08:00,0.006452419255441923,策略過於保守未觸發
2026-03-23 09:20:00+08:00,0.005339150584146018,策略過於保守未觸發
2026-03-23 09:25:00+08:00,0.006765310486951394,策略過於保守未觸發
2026-03-23 09:30:00+08:00,0.008276381834957885,策略過於保守未觸發
2026-03-23 09:45:00+08:00,-0.0059673341803491925,策略過於保守未觸發
2026-03-23 09:50:00+08:00,-0.005159047099957714,策略過於保守未觸發
2026-03-23 09:55:00+08:00,-0.006119499256130658,策略過於保守未觸發
2026-03-23 10:00:00+08:00,-0.006411733151574547,策略過於保守未觸發
2026-03-23 10:05:00+08:00,-0.008678941264855695,策略過於保守未觸發
2026-03-23 10:10:00+08:00,-0.005824489263289442,策略過於保守未觸發
2026-03-23 10:20:00+08:00,-0.00658345155645597,策略過於保守未觸發
2026-03-23 10:25:00+08:00,-0.006210902368104145,策略過於保守未觸發
2026-03-23 12:05:00+08:00,0.005729359638098969,策略過於保守未觸發
2026-03-23 12:30:00+08:00,0.0169652793858885,策略過於保守未觸發
2026-03-23 12:35:00+08:00,0.01799318193520823,策略過於保守未觸發
2026-03-23 12:40:00+08:00,0.018081709895379185,策略過於保守未觸發
2026-03-23 12:45:00+08:00,0.018280619081315546,策略過於保守未觸發
2026-03-23 12:50:00+08:00,0.018415989972613147,策略過於保守未觸發
2026-03-23 12:55:00+08:00,0.01640157897210132,策略過於保守未觸發
2026-03-24 09:00:00+08:00,-0.01936466582078264,策略過於保守未觸發
2026-03-24 09:05:00+08:00,-0.021087490372546154,策略過於保守未觸發
2026-03-24 09:10:00+08:00,-0.01738133216605068,策略過於保守未觸發
2026-03-24 09:15:00+08:00,-0.015069390013479947,策略過於保守未觸發
2026-03-24 09:20:00+08:00,-0.015640129839597387,策略過於保守未觸發
2026-03-24 09:25:00+08:00,-0.01401959992295732,策略過於保守未觸發
2026-03-24 09:30:00+08:00,-0.009779588828167176,策略過於保守未觸發
2026-03-24 09:35:00+08:00,-0.012734950372365895,策略過於保守未觸發
2026-03-24 09:40:00+08:00,-0.00781917049981542,策略過於保守未觸發
2026-03-24 09:45:00+08:00,0.005343702338254428,策略過於保守未觸發
2026-03-24 09:50:00+08:00,0.006514115492207193,策略過於保守未觸發
2026-03-24 09:55:00+08:00,-0.005660959098843307,策略過於保守未觸發
2026-03-24 10:00:00+08:00,0.00795559274611548,策略過於保守未觸發
2026-03-24 10:05:00+08:00,0.010678339172770057,策略過於保守未觸發
2026-03-24 10:10:00+08:00,0.008834342615015301,策略過於保守未觸發
2026-03-24 10:35:00+08:00,-0.005174438874626557,策略過於保守未觸發
2026-03-24 11:00:00+08:00,0.008711658311001607,策略過於保守未觸發
2026-03-24 11:05:00+08:00,0.0088787308518973,策略過於保守未觸發
2026-03-24 11:10:00+08:00,0.008736314087816057,策略過於保守未觸發
2026-03-24 11:15:00+08:00,0.007153892417834707,策略過於保守未觸發
2026-03-24 11:20:00+08:00,0.00738941083389619,策略過於保守未觸發
2026-03-24 11:25:00+08:00,0.005843175817479795,策略過於保守未觸發
2026-03-24 11:30:00+08:00,0.008381871797836565,策略過於保守未觸發
2026-03-24 11:35:00+08:00,0.007153040530837551,策略過於保守未觸發
2026-03-24 11:40:00+08:00,0.007119914417069967,策略過於保守未觸發
2026-03-24 11:45:00+08:00,0.005802639560705576,策略過於保守未觸發
2026-03-24 11:50:00+08:00,0.0056206020440024065,策略過於保守未觸發
2026-03-24 12:00:00+08:00,-0.005836781674822533,策略過於保守未觸發
2026-03-24 12:05:00+08:00,-0.007905385550933201,策略過於保守未觸發
2026-03-24 12:10:00+08:00,-0.006617044118762324,策略過於保守未觸發
2026-03-24 12:15:00+08:00,-0.006989112556179063,策略過於保守未觸發
2026-03-24 12:20:00+08:00,-0.0065314595464757,策略過於保守未觸發
2026-03-24 12:25:00+08:00,-0.006674249241011876,策略過於保守未觸發
2026-03-24 12:30:00+08:00,0.014455351744959684,策略過於保守未觸發
2026-03-24 12:35:00+08:00,0.015515423423990541,策略過於保守未觸發
2026-03-24 12:40:00+08:00,0.016584626981428853,策略過於保守未觸發
2026-03-24 12:45:00+08:00,0.019494574380706356,策略過於保守未觸發
2026-03-24 12:50:00+08:00,0.020521111421374118,策略過於保守未觸發
2026-03-24 12:55:00+08:00,0.022339057252015394,策略過於保守未觸發
2026-03-25 09:00:00+08:00,0.006440900939930378,策略過於保守未觸發
2026-03-25 09:05:00+08:00,0.005339384884777463,策略過於保守未觸發
2026-03-25 09:50:00+08:00,-0.005448452061180287,策略過於保守未觸發
2026-03-25 09:55:00+08:00,-0.007652682182351914,策略過於保守未觸發
2026-03-25 10:00:00+08:00,-0.006880340214833456,策略過於保守未觸發
2026-03-25 11:10:00+08:00,0.005038759644646896,策略過於保守未觸發
2026-03-25 11:15:00+08:00,0.005674159357515029,策略過於保守未觸發
2026-03-25 11:20:00+08:00,0.005999770965427465,策略過於保守未觸發
2026-03-25 11:30:00+08:00,0.006653442534694645,策略過於保守未觸發
2026-03-25 12:30:00+08:00,-0.005059625578882774,策略過於保守未觸發
2026-03-25 12:45:00+08:00,0.007799443286746976,策略過於保守未觸發
2026-03-25 12:50:00+08:00,0.008546290111958895,策略過於保守未觸發
2026-03-25 12:55:00+08:00,0.007130264647305928,策略過於保守未觸發
2026-03-26 09:00:00+08:00,0.005123439861968598,策略過於保守未觸發
2026-03-26 09:20:00+08:00,-0.008115522801340773,策略過於保守未觸發
2026-03-26 09:25:00+08:00,-0.007319388918717276,策略過於保守未觸發
2026-03-26 09:30:00+08:00,-0.01236581254653771,策略過於保守未觸發
2026-03-26 09:35:00+08:00,-0.012290319446294013,策略過於保守未觸發
2026-03-26 09:40:00+08:00,-0.011540677968059073,策略過於保守未觸發
2026-03-26 09:45:00+08:00,-0.012987722855852963,策略過於保守未觸發
2026-03-26 09:50:00+08:00,-0.011923055122556973,策略過於保守未觸發
2026-03-26 09:55:00+08:00,-0.012711521782586735,策略過於保守未觸發
2026-03-26 10:00:00+08:00,-0.011420346553545044,策略過於保守未觸發
2026-03-26 10:05:00+08:00,-0.008792599231300425,策略過於保守未觸發
2026-03-26 10:10:00+08:00,-0.008466034209585232,策略過於保守未觸發
2026-03-26 10:15:00+08:00,-0.005587716341749588,策略過於保守未觸發
2026-03-26 10:35:00+08:00,0.005543756655136743,策略過於保守未觸發
2026-03-26 12:20:00+08:00,-0.005959615429077788,策略過於保守未觸發
2026-03-26 12:30:00+08:00,-0.02214664329462047,策略過於保守未觸發
2026-03-26 12:35:00+08:00,-0.024636809060611605,策略過於保守未觸發
2026-03-26 12:40:00+08:00,-0.024492356235518764,策略過於保守未觸發
2026-03-26 12:45:00+08:00,-0.02397074361815028,策略過於保守未觸發
2026-03-26 12:50:00+08:00,-0.02216181171607205,策略過於保守未觸發
2026-03-26 12:55:00+08:00,-0.023260614028962207,策略過於保守未觸發
2026-03-27 09:00:00+08:00,0.005068687904615395,策略過於保守未觸發
2026-03-27 09:05:00+08:00,0.007809241505703545,策略過於保守未觸發
2026-03-27 09:15:00+08:00,0.00525343693137471,策略過於保守未觸發
2026-03-27 09:30:00+08:00,-0.005352615581051359,策略過於保守未觸發
2026-03-27 09:35:00+08:00,-0.00731699142480297,策略過於保守未觸發
2026-03-27 09:40:00+08:00,-0.007240804143206252,策略過於保守未觸發
2026-03-27 09:45:00+08:00,-0.005336563284572762,策略過於保守未觸發
2026-03-27 12:05:00+08:00,0.005012729076280985,策略過於保守未觸發
2026-03-27 12:10:00+08:00,0.006309225725726438,策略過於保守未觸發
2026-03-27 12:15:00+08:00,0.006201563811760922,策略過於保守未觸發
2026-03-27 12:20:00+08:00,0.007275624521176492,策略過於保守未觸發
2026-03-27 12:25:00+08:00,0.006047486904501921,策略過於保守未觸發
2026-03-27 12:30:00+08:00,-0.013409663722979222,策略過於保守未觸發
2026-03-27 12:35:00+08:00,-0.016017993338696815,策略過於保守未觸發
2026-03-27 12:40:00+08:00,-0.01641691379810032,策略過於保守未觸發
2026-03-27 12:50:00+08:00,-0.018363975716197238,策略過於保守未觸發
2026-03-27 12:55:00+08:00,-0.017553279145730755,策略過於保守未觸發
2026-03-30 09:20:00+08:00,-0.005385640681212066,策略過於保守未觸發
2026-03-30 09:25:00+08:00,-0.006079213558484058,策略過於保守未觸發
2026-03-30 09:30:00+08:00,-0.006159753897918625,策略過於保守未觸發
2026-03-30 09:35:00+08:00,-0.00565775958628894,策略過於保守未觸發
2026-03-30 09:40:00+08:00,-0.005247050741554097,策略過於保守未觸發
2026-03-30 09:50:00+08:00,-0.005492047494328776,策略過於保守未觸發
2026-03-30 09:55:00+08:00,-0.0061557576099847515,策略過於保守未觸發
2026-03-30 10:10:00+08:00,-0.005194403402341137,策略過於保守未觸發
2026-03-30 10:15:00+08:00,0.006721781207791735,策略過於保守未觸發
2026-03-30 10:20:00+08:00,0.00812670169040466,策略過於保守未觸發
2026-03-30 10:25:00+08:00,0.007943663973831387,策略過於保守未觸發
2026-03-30 10:30:00+08:00,0.00887207137222989,策略過於保守未觸發
2026-03-30 10:35:00+08:00,0.008567668772588676,策略過於保守未觸發
2026-03-30 10:40:00+08:00,0.008177233044624413,策略過於保守未觸發
2026-03-30 12:30:00+08:00,-0.008174207109030033,策略過於保守未觸發
2026-03-30 12:35:00+08:00,-0.017266167610132093,策略過於保守未觸發
2026-03-30 12:40:00+08:00,-0.01728516794929681,策略過於保守未觸發
2026-03-30 12:45:00+08:00,-0.018345849774725576,策略過於保守未觸發
2026-03-30 12:50:00+08:00,-0.018063612590961196,策略過於保守未觸發
2026-03-30 12:55:00+08:00,-0.016077798128460243,策略過於保守未觸發
2026-03-31 09:00:00+08:00,-0.0094741894525424,策略過於保守未觸發
2026-03-31 09:05:00+08:00,0.007592915809245807,策略過於保守未觸發
2026-03-31 09:10:00+08:00,0.008078976420753135,策略過於保守未觸發
2026-03-31 09:15:00+08:00,0.008674895784081522,策略過於保守未觸發
2026-03-31 09:30:00+08:00,-0.005895854197905666,策略過於保守未觸發
2026-03-31 09:35:00+08:00,-0.005008823210560925,策略過於保守未觸發
2026-03-31 09:50:00+08:00,-0.0053947433674750534,策略過於保守未觸發
2026-03-31 10:00:00+08:00,-0.005318436547957178,策略過於保守未觸發
2026-03-31 10:40:00+08:00,-0.006822081595782316,策略過於保守未觸發
2026-03-31 10:45:00+08:00,-0.011345561377030756,策略過於保守未觸發
2026-03-31 10:50:00+08:00,-0.010565791860115598,策略過於保守未觸發
2026-03-31 10:55:00+08:00,-0.009867625100350632,策略過於保守未觸發
2026-03-31 11:00:00+08:00,-0.012209688685634698,策略過於保守未觸發
2026-03-31 11:05:00+08:00,-0.013055396339380907,策略過於保守未觸發
2026-03-31 11:10:00+08:00,-0.012780994872044234,策略過於保守未觸發
2026-03-31 11:15:00+08:00,-0.012072273827267384,策略過於保守未觸發
2026-03-31 11:20:00+08:00,-0.010383657827325865,策略過於保守未觸發
2026-03-31 11:25:00+08:00,-0.011712650897456142,策略過於保守未觸發
2026-03-31 11:30:00+08:00,-0.01076459648696507,策略過於保守未觸發
2026-03-31 11:40:00+08:00,-0.007542522393534852,策略過於保守未觸發
2026-03-31 11:50:00+08:00,-0.006540977346049001,策略過於保守未觸發
2026-03-31 11:55:00+08:00,-0.005604469856252551,策略過於保守未觸發
2026-03-31 12:30:00+08:00,0.03578335130115912,策略過於保守未觸發
2026-03-31 12:35:00+08:00,0.0362670830467677,策略過於保守未觸發
2026-03-31 12:40:00+08:00,0.03524583322406102,策略過於保守未觸發
2026-03-31 12:45:00+08:00,0.035885231125087215,策略過於保守未觸發
2026-03-31 12:50:00+08:00,0.03529765067479873,策略過於保守未觸發
2026-03-31 12:55:00+08:00,0.036775302271855444,策略過於保守未觸發
2026-04-01 09:00:00+08:00,0.00574483825185029,策略過於保守未觸發
2026-04-01 09:05:00+08:00,0.005288023890140286,策略過於保守未觸發
2026-04-01 12:30:00+08:00,0.010856974902596746,策略過於保守未觸發
2026-04-01 12:35:00+08:00,0.00937252512621967,策略過於保守未觸發
2026-04-01 12:40:00+08:00,0.008509289430421632,策略過於保守未觸發
2026-04-01 12:45:00+08:00,0.009823249265466516,策略過於保守未觸發
2026-04-01 12:50:00+08:00,0.008189471955000445,策略過於保守未觸發
2026-04-01 12:55:00+08:00,0.00955394094901481,策略過於保守未觸發
2026-04-02 09:00:00+08:00,-0.018309340948604983,策略過於保守未觸發
2026-04-02 09:05:00+08:00,-0.019663281858273263,策略過於保守未觸發
2026-04-02 09:10:00+08:00,-0.020552719161190412,策略過於保守未觸發
2026-04-02 09:15:00+08:00,-0.013766886265503916,策略過於保守未觸發
2026-04-02 09:20:00+08:00,-0.012031977430359459,策略過於保守未觸發
2026-04-02 09:25:00+08:00,-0.009465329236166891,策略過於保守未觸發
2026-04-02 09:30:00+08:00,-0.008861808817277115,策略過於保守未觸發
2026-04-02 09:35:00+08:00,-0.009770526443796954,策略過於保守未觸發
2026-04-02 09:40:00+08:00,-0.007956936362201739,策略過於保守未觸發
2026-04-02 09:45:00+08:00,-0.008993884628181716,策略過於保守未觸發
2026-04-02 09:50:00+08:00,-0.0074706648338090705,策略過於保守未觸發
2026-04-02 09:55:00+08:00,-0.007684631165259894,策略過於保守未觸發
2026-04-02 10:00:00+08:00,-0.005021000429571835,策略過於保守未觸發
2026-04-02 10:15:00+08:00,-0.005219086243161648,策略過於保守未觸發
2026-04-02 10:40:00+08:00,-0.005123835822565321,策略過於保守未觸發
2026-04-02 10:55:00+08:00,-0.007361227776278743,策略過於保守未觸發
2026-04-02 11:00:00+08:00,-0.005028959793647434,策略過於保守未觸發
2026-04-02 11:05:00+08:00,-0.005156124245788275,策略過於保守未觸發
2026-04-02 11:10:00+08:00,-0.005666593921600557,策略過於保守未觸發
2026-04-02 11:15:00+08:00,-0.006872510494601115,策略過於保守未觸發
2026-04-02 11:20:00+08:00,-0.006005627545830772,策略過於保守未觸發
2026-04-02 11:25:00+08:00,-0.005473002554672859,策略過於保守未觸發
2026-04-02 11:30:00+08:00,-0.0051330112557151,策略過於保守未觸發
2026-04-07 09:00:00+08:00,-0.006994058942935719,策略過於保守未觸發
2026-04-07 09:05:00+08:00,-0.005040500656106504,策略過於保守未觸發
2026-04-07 09:20:00+08:00,-0.007052334638541535,策略過於保守未觸發
2026-04-07 09:25:00+08:00,-0.007006321932089333,策略過於保守未觸發
2026-04-07 09:30:00+08:00,-0.007291788777516608,策略過於保守未觸發
2026-04-07 09:35:00+08:00,-0.005381352083559864,策略過於保守未觸發
2026-04-07 09:40:00+08:00,-0.005695038340051425,策略過於保守未觸發
2026-04-07 12:30:00+08:00,0.03810969122797173,策略過於保守未觸發
2026-04-07 12:35:00+08:00,0.03765625743788468,策略過於保守未觸發
2026-04-07 12:40:00+08:00,0.03782960916728672,策略過於保守未觸發
2026-04-07 12:45:00+08:00,0.037734115182101235,策略過於保守未觸發
2026-04-07 12:50:00+08:00,0.03931316897153923,策略過於保守未觸發
2026-04-07 12:55:00+08:00,0.03857568548927359,策略過於保守未觸發
2026-04-08 09:00:00+08:00,0.0086289251071618,策略過於保守未觸發
2026-04-08 09:05:00+08:00,0.009067428734495127,策略過於保守未觸發
2026-04-08 09:10:00+08:00,0.008439181671624168,策略過於保守未觸發
2026-04-08 09:20:00+08:00,0.008069747605041998,策略過於保守未觸發
2026-04-08 09:25:00+08:00,0.007847279356042233,策略過於保守未觸發
2026-04-08 09:30:00+08:00,0.005658157014083576,策略過於保守未觸發
2026-04-08 09:35:00+08:00,0.005379282056111325,策略過於保守未觸發
2026-04-08 09:40:00+08:00,0.005447791283307559,策略過於保守未觸發
2026-04-08 12:50:00+08:00,0.0054460473634906645,策略過於保守未觸發
2026-04-09 12:30:00+08:00,0.014887861849316895,策略過於保守未觸發
2026-04-09 12:35:00+08:00,0.014829757822051905,策略過於保守未觸發
2026-04-09 12:40:00+08:00,0.014629583897302888,策略過於保守未觸發
2026-04-09 12:45:00+08:00,0.014067943922891221,策略過於保守未觸發
2026-04-09 12:50:00+08:00,0.014356611907944907,策略過於保守未觸發
2026-04-09 12:55:00+08:00,0.014420250413782799,策略過於保守未觸發
2026-04-13 12:30:00+08:00,0.0204918041846128,策略過於保守未觸發
2026-04-13 12:35:00+08:00,0.021164441208951838,策略過於保守未觸發
2026-04-13 12:40:00+08:00,0.020981787027056904,策略過於保守未觸發
2026-04-13 12:45:00+08:00,0.021316440697962284,策略過於保守未觸發
2026-04-13 12:50:00+08:00,0.02116445704334344,策略過於保守未觸發
2026-04-13 12:55:00+08:00,0.02097425327520174,策略過於保守未觸發
2026-04-14 09:45:00+08:00,0.005479019413656035,策略過於保守未觸發
2026-04-14 09:50:00+08:00,0.006240535632941461,策略過於保守未觸發
2026-04-14 09:55:00+08:00,0.006394442275449857,策略過於保守未觸發
2026-04-14 10:00:00+08:00,0.007756062632626031,策略過於保守未觸發
2026-04-14 10:05:00+08:00,0.006547489345965096,策略過於保守未觸發
2026-04-14 10:10:00+08:00,0.00554154276212268,策略過於保守未觸發
2026-04-14 10:20:00+08:00,0.0054837908018020055,策略過於保守未觸發
2026-04-14 10:25:00+08:00,0.007121147913337927,策略過於保守未觸發
2026-04-14 10:30:00+08:00,0.00743716100217768,策略過於保守未觸發
2026-04-14 12:30:00+08:00,0.009843226366069055,策略過於保守未觸發
2026-04-14 12:35:00+08:00,0.011329664971190694,策略過於保守未觸發
2026-04-14 12:40:00+08:00,0.016124005829905308,策略過於保守未觸發
2026-04-14 12:45:00+08:00,0.013637776709253457,策略過於保守未觸發
2026-04-14 12:50:00+08:00,0.014994145813651156,策略過於保守未觸發
2026-04-14 12:55:00+08:00,0.0160996358723241,策略過於保守未觸發
2026-04-15 09:00:00+08:00,0.011955512554569244,策略過於保守未觸發
2026-04-15 09:05:00+08:00,0.00962241459834179,策略過於保守未觸發
2026-04-15 09:10:00+08:00,0.0061941458487453855,策略過於保守未觸發
2026-04-15 09:15:00+08:00,0.006736985838834319,策略過於保守未觸發
2026-04-15 09:20:00+08:00,0.005724214727689034,策略過於保守未觸發
2026-04-15 11:35:00+08:00,-0.005705917553029724,策略過於保守未觸發
2026-04-15 11:40:00+08:00,-0.005311691172975264,策略過於保守未觸發
2026-04-15 11:45:00+08:00,-0.005371337339550169,策略過於保守未觸發
2026-04-15 11:50:00+08:00,-0.008801650978465324,策略過於保守未觸發
2026-04-15 11:55:00+08:00,-0.007651013334163423,策略過於保守未觸發
2026-04-15 12:00:00+08:00,-0.008630127278246769,策略過於保守未觸發
2026-04-15 12:05:00+08:00,-0.00839948323568268,策略過於保守未觸發
2026-04-15 12:10:00+08:00,-0.008908141937254924,策略過於保守未觸發
2026-04-15 12:15:00+08:00,-0.008598248363142555,策略過於保守未觸發
2026-04-15 12:20:00+08:00,-0.006079853808636251,策略過於保守未觸發
2026-04-15 12:25:00+08:00,-0.005901693037716233,策略過於保守未觸發
2026-04-15 12:40:00+08:00,0.0052084996413069625,策略過於保守未觸發
2026-04-15 12:45:00+08:00,0.0056739062264159375,策略過於保守未觸發
2026-04-15 12:50:00+08:00,0.009546225660176048,策略過於保守未觸發
2026-04-15 12:55:00+08:00,0.007360932251316748,策略過於保守未觸發
2026-04-16 10:35:00+08:00,0.005388918524833306,策略過於保守未觸發
2026-04-16 10:40:00+08:00,0.006360485670023073,策略過於保守未觸發
2026-04-16 10:45:00+08:00,0.005201784985105315,策略過於保守未觸發
2026-04-16 10:50:00+08:00,0.0050385001549597686,策略過於保守未觸發
2026-04-16 11:20:00+08:00,0.0054618945315888555,策略過於保守未觸發
2026-04-16 11:25:00+08:00,0.005714047477808862,策略過於保守未觸發
2026-04-16 12:05:00+08:00,0.0051349224537346715,策略過於保守未觸發
2026-04-17 12:30:00+08:00,0.00925494616826214,策略過於保守未觸發
2026-04-17 12:35:00+08:00,0.011178251677756552,策略過於保守未觸發
2026-04-17 12:40:00+08:00,0.011132968343377084,策略過於保守未觸發
2026-04-17 12:45:00+08:00,0.0094934861473292,策略過於保守未觸發
2026-04-17 12:50:00+08:00,0.009678871453210416,策略過於保守未觸發
2026-04-17 12:55:00+08:00,0.00975890876905025,策略過於保守未觸發
2026-04-20 09:25:00+08:00,0.005254131718382412,策略過於保守未觸發
2026-04-20 11:20:00+08:00,0.00889196951850931,策略過於保守未觸發
2026-04-20 11:25:00+08:00,0.009100410549401047,策略過於保守未觸發
2026-04-20 11:30:00+08:00,0.010070359994548124,策略過於保守未觸發
2026-04-20 11:35:00+08:00,0.008994489780092485,策略過於保守未觸發
2026-04-20 11:40:00+08:00,0.009940643571797815,策略過於保守未觸發
2026-04-20 11:45:00+08:00,0.008969042539587127,策略過於保守未觸發
2026-04-20 11:50:00+08:00,0.009013391258373069,策略過於保守未觸發
2026-04-20 11:55:00+08:00,0.01022022076246843,策略過於保守未觸發
2026-04-20 12:00:00+08:00,0.011084798467075834,策略過於保守未觸發
2026-04-20 12:05:00+08:00,0.011010158270369757,策略過於保守未觸發
2026-04-20 12:10:00+08:00,0.011649409680980102,策略過於保守未觸發
2026-04-20 12:15:00+08:00,0.012846490074350974,策略過於保守未觸發
2026-04-21 09:00:00+08:00,-0.007849534054164388,策略過於保守未觸發
2026-04-21 09:05:00+08:00,-0.007464830659760335,策略過於保守未觸發
2026-04-21 09:15:00+08:00,0.006592759939532755,策略過於保守未觸發
2026-04-21 09:20:00+08:00,0.008445767802103918,策略過於保守未觸發
2026-04-21 09:25:00+08:00,0.009626812567251421,策略過於保守未觸發
2026-04-21 09:30:00+08:00,0.008251002522644714,策略過於保守未觸發
2026-04-21 09:35:00+08:00,0.006669561566514667,策略過於保守未觸發
2026-04-21 09:40:00+08:00,0.006606688000763336,策略過於保守未觸發
2026-04-21 09:45:00+08:00,0.007667786599595823,策略過於保守未觸發
2026-04-21 09:50:00+08:00,0.009389879290737901,策略過於保守未觸發
2026-04-21 09:55:00+08:00,0.008018653689002122,策略過於保守未觸發
2026-04-21 10:00:00+08:00,0.005930930758998827,策略過於保守未觸發
2026-04-21 12:30:00+08:00,0.005405485586063305,策略過於保守未觸發
2026-04-21 12:35:00+08:00,0.00645000039977625,策略過於保守未觸發
2026-04-21 12:40:00+08:00,0.007014467384414205,策略過於保守未觸發
2026-04-21 12:45:00+08:00,0.006205585171926275,策略過於保守未觸發
2026-04-21 12:55:00+08:00,0.005121243555903866,策略過於保守未觸發
2026-04-22 09:20:00+08:00,0.005449814435448177,策略過於保守未觸發
2026-04-22 12:30:00+08:00,0.0232051557991871,策略過於保守未觸發
2026-04-22 12:35:00+08:00,0.023574234451311474,策略過於保守未觸發
2026-04-22 12:40:00+08:00,0.023668754311183978,策略過於保守未觸發
2026-04-22 12:45:00+08:00,0.02369419145238003,策略過於保守未觸發
2026-04-22 12:50:00+08:00,0.024174227382880924,策略過於保守未觸發
2026-04-22 12:55:00+08:00,0.02544967490054157,策略過於保守未觸發
2026-04-23 09:00:00+08:00,-0.01701034966026426,策略過於保守未觸發
2026-04-23 09:05:00+08:00,-0.022291403938015132,策略過於保守未觸發
2026-04-23 09:10:00+08:00,-0.03187911014938528,策略過於保守未觸發
2026-04-23 09:15:00+08:00,-0.03252582738297346,策略過於保守未觸發
2026-04-23 09:20:00+08:00,-0.03414544510893901,策略過於保守未觸發
2026-04-23 09:25:00+08:00,-0.03090584852932712,策略過於保守未觸發
2026-04-23 09:30:00+08:00,-0.030345376765188153,策略過於保守未觸發
2026-04-23 09:35:00+08:00,-0.03358747664573692,策略過於保守未觸發
2026-04-23 09:40:00+08:00,-0.034476281122607096,策略過於保守未觸發
2026-04-23 09:45:00+08:00,-0.02775871116564247,策略過於保守未觸發
2026-04-23 09:50:00+08:00,-0.027897213722866555,策略過於保守未觸發
2026-04-23 09:55:00+08:00,-0.02809014005183875,策略過於保守未觸發
2026-04-23 10:00:00+08:00,-0.02277242682742566,策略過於保守未觸發
2026-04-23 10:05:00+08:00,-0.017658568873938005,策略過於保守未觸發
2026-04-23 10:10:00+08:00,-0.007698055083111888,策略過於保守未觸發
2026-04-23 10:15:00+08:00,-0.014318426648983116,策略過於保守未觸發
2026-04-23 10:20:00+08:00,-0.013919544016398772,策略過於保守未觸發
2026-04-23 10:25:00+08:00,-0.01101127169230061,策略過於保守未觸發
2026-04-23 10:30:00+08:00,-0.005546482319734113,策略過於保守未觸發
2026-04-23 10:45:00+08:00,-0.006660858988546347,策略過於保守未觸發
2026-04-23 10:50:00+08:00,-0.01046715776288577,策略過於保守未觸發
2026-04-23 10:55:00+08:00,-0.006181961929405613,策略過於保守未觸發
2026-04-23 11:00:00+08:00,-0.007048115860329829,策略過於保守未觸發
2026-04-23 11:10:00+08:00,0.005779066129274713,策略過於保守未觸發
2026-04-23 11:15:00+08:00,0.007483186570824755,策略過於保守未觸發
2026-04-23 11:20:00+08:00,0.006806967468684476,策略過於保守未觸發
2026-04-23 11:25:00+08:00,-0.005722321636582109,策略過於保守未觸發
2026-04-23 11:30:00+08:00,0.009430748265609514,策略過於保守未觸發
2026-04-23 11:35:00+08:00,0.012894045798322635,策略過於保守未觸發
2026-04-23 11:40:00+08:00,0.01478700475312703,策略過於保守未觸發
2026-04-23 11:45:00+08:00,0.015123317314141604,策略過於保守未觸發
2026-04-23 11:50:00+08:00,0.010680697520647014,策略過於保守未觸發
2026-04-23 11:55:00+08:00,0.010895894123441639,策略過於保守未觸發
2026-04-23 12:00:00+08:00,0.011991793417346167,策略過於保守未觸發
2026-04-23 12:05:00+08:00,0.012880286284162459,策略過於保守未觸發
2026-04-23 12:10:00+08:00,0.010911570433255245,策略過於保守未觸發
2026-04-23 12:15:00+08:00,0.010084781501250492,策略過於保守未觸發
2026-04-23 12:20:00+08:00,0.011567133616977521,策略過於保守未觸發
2026-04-23 12:25:00+08:00,0.008941381050317729,策略過於保守未觸發
2026-04-23 12:30:00+08:00,0.018892694182254664,策略過於保守未觸發
2026-04-23 12:35:00+08:00,0.021092951891299255,策略過於保守未觸發
2026-04-23 12:40:00+08:00,0.01962647412437028,策略過於保守未觸發
2026-04-23 12:45:00+08:00,0.017562524306505147,策略過於保守未觸發
2026-04-23 12:50:00+08:00,0.017961566537869345,策略過於保守未觸發
2026-04-23 12:55:00+08:00,0.018748784758985875,策略過於保守未觸發
2026-04-24 09:00:00+08:00,0.013520020305921527,策略過於保守未觸發
2026-04-24 09:05:00+08:00,0.010778377743306899,策略過於保守未觸發
2026-04-24 09:10:00+08:00,0.011905134331681248,策略過於保守未觸發
2026-04-24 09:15:00+08:00,0.012704058372168316,策略過於保守未觸發
2026-04-24 09:20:00+08:00,0.01079704244822382,策略過於保守未觸發
2026-04-24 09:25:00+08:00,-0.009314299939888155,策略過於保守未觸發
2026-04-24 09:30:00+08:00,-0.009320916778439544,策略過於保守未觸發
2026-04-24 09:35:00+08:00,0.010721157284795927,策略過於保守未觸發
2026-04-24 09:40:00+08:00,0.012074030376213633,策略過於保守未觸發
2026-04-24 09:45:00+08:00,-0.013533067844705276,策略過於保守未觸發
2026-04-24 09:50:00+08:00,-0.015045360851918141,策略過於保守未觸發
2026-04-24 09:55:00+08:00,-0.01736524674124335,策略過於保守未觸發
2026-04-24 10:00:00+08:00,-0.012963254797208864,策略過於保守未觸發
2026-04-24 10:05:00+08:00,-0.012215403262082364,策略過於保守未觸發
2026-04-24 10:10:00+08:00,-0.011096543433135115,策略過於保守未觸發
2026-04-24 10:15:00+08:00,-0.01062501219090559,策略過於保守未觸發
2026-04-24 10:20:00+08:00,0.0094899684418158,策略過於保守未觸發
2026-04-24 10:25:00+08:00,0.012267072814452978,策略過於保守未觸發
2026-04-24 10:30:00+08:00,0.0073203726025436655,策略過於保守未觸發
2026-04-24 10:35:00+08:00,0.009506011166104592,策略過於保守未觸發
2026-04-24 10:40:00+08:00,0.007482079923465095,策略過於保守未觸發
2026-04-24 10:45:00+08:00,0.007841990047201616,策略過於保守未觸發
2026-04-24 10:50:00+08:00,0.0068823690871814835,策略過於保守未觸發
2026-04-24 10:55:00+08:00,0.006137271039998441,策略過於保守未觸發
2026-04-24 11:00:00+08:00,0.005021791244119731,策略過於保守未觸發
2026-04-24 11:55:00+08:00,0.006564055469825308,策略過於保守未觸發
2026-04-24 12:05:00+08:00,0.005616809009695173,策略過於保守未觸發
2026-04-24 12:20:00+08:00,0.006213733848361135,策略過於保守未觸發
2026-04-24 12:25:00+08:00,0.006965904278788765,策略過於保守未觸發
2026-04-24 12:30:00+08:00,0.033703219726665234,策略過於保守未觸發
2026-04-24 12:35:00+08:00,0.033437985915471674,策略過於保守未觸發
2026-04-24 12:40:00+08:00,0.03362593693102757,策略過於保守未觸發
2026-04-24 12:45:00+08:00,0.03203670673954547,策略過於保守未觸發
2026-04-24 12:50:00+08:00,0.034647294989983306,策略過於保守未觸發
2026-04-24 12:55:00+08:00,0.03329282243358927,策略過於保守未觸發
2026-04-27 09:00:00+08:00,-0.008171338716295117,策略過於保守未觸發
2026-04-27 09:05:00+08:00,0.005411853386691691,策略過於保守未觸發
2026-04-27 09:20:00+08:00,-0.010170408307702935,策略過於保守未觸發
2026-04-27 09:25:00+08:00,-0.007530778021724194,策略過於保守未觸發
2026-04-27 09:30:00+08:00,-0.010354008864082064,策略過於保守未觸發
2026-04-27 09:35:00+08:00,-0.006575513345228217,策略過於保守未觸發
2026-04-27 09:45:00+08:00,0.005030416483166426,策略過於保守未觸發
2026-04-27 09:55:00+08:00,0.00684803872233894,策略過於保守未觸發
2026-04-27 11:05:00+08:00,0.005176104766125883,策略過於保守未觸發
