entry_time,exit_time,symbol,direction,entry_price,exit_price,pnl,ret,reason,feat_date,feat_Open,feat_High,feat_Low,feat_Close,feat_Volume,feat_time,feat_date_only,feat_day_of_week,feat_ret,feat_mock_volume,feat_vwap,feat_vwap_bias,feat_macd,feat_signal,feat_macd_hist,feat_atr,feat_rsi,feat_rsi_fast,feat_body_length,feat_upper_shadow,feat_lower_shadow,feat_body_avg_5,feat_momentum_explosion,feat_daily_open,feat_yesterday_close,feat_gap_amplitude,feat_intraday_trend,feat_dist_from_ma20,feat_recent_high_20,feat_recent_low_20,feat_pullback_from_high,feat_bounce_from_low,feat_gap_filled,feat_spot_futures_proxy,feat_smooth_price,feat_is_peak,feat_is_trough,feat_recent_peak_val,feat_recent_trough_val,feat_inflection_breakout,feat_bb_upper,feat_bb_lower,feat_bb_width,feat_is_squeeze,feat_vwap_5,feat_slope_vwap,feat_ma_20,feat_slope_ma20,feat_vol_surge_ratio,feat_price_roc,feat_pv_divergence,feat_pc_ratio,feat_foreign_net_oi,feat_dealer_net_oi,feat_foreign_net_oi_zscore,feat_foreign_net_oi_momentum,feat_dealer_net_oi_zscore,feat_dealer_net_oi_momentum,feat_dealer_relative_momentum,feat_dealer_extreme_score,feat_foreign_spot_net,feat_dealer_spot_net
2026-06-15 08:46:00,2026-06-15 08:48:56,TXO45050F6,Call,990.0,1000.0,400.0,0.00808080808080808,觸及高點回檔動態停利 (1003.0),2026-06-15 08:45:00,45715.0,45777.0,45661.0,45729.0,1082,08:45:00,2026-06-15,0,-0.00021863180218195666,1082,45849.772758152176,-0.002634097202383616,224.1256361634223,263.5721411813569,-39.44650501793461,81.57142857142857,26.35046113258379,0.0,14.0,48.0,54.0,13.4,1,45400.0,44704.0,0.015569076592698293,0.007246696035242132,0.0017448222154313197,46088.0,44689.0,-0.007789446276687906,0.023271946116493473,0,-0.0026456621650072384,45767.267444929515,False,False,45776.83430616189,44696.92036072921,0,46655.48743436997,44643.21256563003,0.04408112861935383,0,5911.443010752688,-4623.356437089953,45649.35,34.8311420525857,1.2208055962978441,-0.00021863180218195666,0,0.9595999999999999,32711.0,3843.0,0.0,923.0,0.0,379.0,-544.0,0.0,0.0,0.0
2026-06-15 08:49:00,2026-06-15 08:49:27,TXO45500R6,Call,405.0,420.0,1300.0,0.03209876543209877,觸及高點回檔動態停利 (420.0),2026-06-15 08:48:00,45735.0,45821.0,45735.0,45804.0,593,08:48:00,2026-06-15,0,0.0014211067141827183,593,45839.65465804509,-0.0007778125361341534,182.78822054794,228.59196295697302,-45.80374240903302,89.78571428571429,37.00265251920685,95.180722888126,69.0,17.0,0.0,27.4,1,45400.0,44704.0,0.015569076592698293,0.00889867841409672,-0.00010041782547378538,46088.0,44689.0,-0.006162124631140293,0.024950211461432906,0,-0.0007783398323696381,45764.68093180392,False,True,45776.83430616189,45764.68093180392,1,46389.48404495444,45227.715955045554,0.025361353324678402,1,4864.214183381089,-1771.5282469385725,45808.6,34.88549125014924,0.6078933880055275,0.0014211067141827183,-1,0.9595999999999999,32711.0,3843.0,0.0,923.0,0.0,379.0,-544.0,0.0,0.0,0.0
2026-06-15 08:50:00,2026-06-15 08:51:00,TXO45500R6,Put,439.0,405.0,-3600.0,-0.08200455580865604,📈 突破前次反曲高點 (45762.5)，空單趨勢反轉出場,2026-06-15 08:49:00,45805.0,45834.0,45722.0,45754.0,442,08:49:00,2026-06-15,0,-0.0010916077198498408,442,45838.10972835541,-0.001834930123730206,169.85708602604427,216.84498757078728,-46.98790154474301,96.35714285714286,34.70149253670918,61.240310076095184,51.0,29.0,32.0,29.4,1,45400.0,44704.0,0.015569076592698293,0.007797356828193661,-0.0023353124979557014,46088.0,45400.0,-0.007247005728172036,0.007797356828193661,0,-0.0018340102691695134,45762.54474544314,True,False,45762.54474544314,45764.68093180392,-1,46124.87414581117,45597.32585418883,0.011503175711492517,1,6044.013150029887,3012.751703358409,45861.1,35.07597241186054,0.44359694901601404,-0.0010916077198498408,1,0.9595999999999999,32711.0,3843.0,0.0,923.0,0.0,379.0,-544.0,0.0,0.0,0.0
2026-06-15 08:52:00,2026-06-15 08:55:01,TXO46000F6,Call,450.0,462.0,1000.0,0.022222222222222223,觸及高點回檔動態停利 (462.0),2026-06-15 08:51:00,45814.0,45845.0,45797.0,45837.0,202,08:51:00,2026-06-15,0,0.00032735367290825934,202,45837.48352727451,-1.0548730805074996e-05,157.34707118215738,196.36455242761343,-39.017481245456054,81.42857142857143,56.82888539906499,62.406015036186325,23.0,8.0,17.0,44.8,0,45400.0,44704.0,0.015569076592698293,0.00962555066079274,3.818022155437053e-05,46088.0,45658.0,-0.005446103107099344,0.003920452056594597,0,-1.0549244839098255e-05,45786.94863708362,False,False,45762.54474544314,45774.43579635452,1,46048.627722900026,45621.872277099974,0.009310638554388663,1,4827.462982273201,-75.5542410806063,45835.25,5.817684888863981,0.21134128478739136,0.00032735367290825934,-1,0.9595999999999999,32711.0,3843.0,0.0,923.0,0.0,379.0,-544.0,0.0,0.0,0.0
2026-06-15 08:56:00,2026-06-15 08:58:01,TXO46000F6,Call,453.0,461.0,600.0,0.013245033112582781,觸及高點回檔動態停利 (461.0),2026-06-15 08:55:00,45869.0,45876.0,45832.0,45834.0,206,08:55:00,2026-06-15,0,-0.0007630425777758187,206,45837.70477433794,-8.08237313839315e-05,131.17183937505615,162.51815373424824,-31.346314359192093,62.07142857142857,54.73684210324654,52.27272727094525,35.0,7.0,2.0,21.8,1,45400.0,44704.0,0.015569076592698293,0.009559471365638556,0.0007587460493348525,46000.0,45658.0,-0.0036086956521738348,0.003854746156204743,0,-8.089159403127875e-05,45818.51016174946,False,False,45762.54474544314,45774.43579635452,1,45906.45148270041,45692.04851729959,0.004681364114058951,1,7359.1613406079505,-2825.122313504127,45799.25,-5.401099860335195,0.23992546005096677,-0.0007630425777758187,1,0.9595999999999999,32711.0,3843.0,0.0,923.0,0.0,379.0,-544.0,0.0,0.0,0.0
2026-06-15 08:59:00,2026-06-15 09:00:49,TXO46000F6,Call,468.0,411.0,-5900.0,-0.12606837606837606,觸及原始動態停損 (412.4),2026-06-15 08:58:00,45873.0,45905.0,45834.0,45881.0,554,08:58:00,2026-06-15,0,0.00015259188211191876,554,45838.87705492213,0.0009189349256396338,117.02058169065276,142.12795332997945,-25.107371639326686,64.5,69.29347825823339,99.99999999361702,8.0,24.0,39.0,26.2,0,45400.0,44704.0,0.015569076592698293,0.010594713656387433,0.0014919460018138452,45988.0,45658.0,-0.002326693920153033,0.004884138595645782,0,0.0009194610021002754,45845.069202815735,False,False,45762.54474544314,45774.43579635452,1,45929.09610227598,45696.20389772402,0.0050835785433052325,1,18828.20296296296,15584.712838226125,45812.65,2.925812103910316,0.7096650227365533,0.00015259188211191876,-1,0.9595999999999999,32711.0,3843.0,0.0,923.0,0.0,379.0,-544.0,0.0,0.0,0.0
2026-06-15 09:01:00,2026-06-15 09:03:20,TXO46000F6,Put,425.0,432.0,500.0,0.011764705882352941,觸及高點回檔動態停利 (433.0),2026-06-15 09:00:00,45868.0,45873.0,45740.0,45772.0,967,09:00:00,2026-06-15,0,-0.001962408966028506,967,45837.312136481625,-0.0014248683755093542,97.46879087767593,128.1822606701937,-30.71346979251777,63.642857142857146,55.07559395081845,6.03448275846462,96.0,5.0,32.0,32.8,1,45400.0,44704.0,0.015569076592698293,0.008193832599118763,-0.0007608032423097809,45905.0,45658.0,-0.002897287877137504,0.0024968242148144357,0,-0.0014258159310588652,45833.16428980208,True,False,45833.16428980208,45774.43579635452,-1,45908.207678277446,45705.49232172255,0.004425437604962792,1,17255.95477582846,16804.674031985454,45806.85,-0.36019516028716403,1.313947958419303,-0.001962408966028506,0,0.9595999999999999,32711.0,3843.0,0.0,923.0,0.0,379.0,-544.0,0.0,0.0,0.0
2026-06-15 09:04:00,2026-06-15 09:07:47,TXO46000F6,Put,435.0,354.0,-8300.0,-0.19080459770114944,觸及原始動態停損 (355.4),2026-06-15 09:03:00,45697.0,45772.0,45694.0,45742.0,562,09:03:00,2026-06-15,0,0.0011819296095254561,562,45826.70286547483,-0.0018483299076408211,56.71329633241112,97.79643902236829,-41.08314268995717,63.0,48.72881355787669,39.13043478175804,45.0,30.0,3.0,45.4,0,45400.0,44704.0,0.015569076592698293,0.007533039647576927,-0.0011496976175164634,45905.0,45654.0,-0.003550811458446715,0.001927541945941168,0,-0.0018496236017706532,45775.94011637867,False,False,45833.16428980208,45774.43579635452,-1,45918.63688385008,45670.663116149924,0.0054149069312714165,1,6549.555159235669,-6204.466664220715,45794.65,-2.6633571179849933,0.9073296738764816,0.0011819296095254561,0,0.9595999999999999,32711.0,3843.0,0.0,923.0,0.0,379.0,-544.0,0.0,0.0,0.0
2026-06-15 09:08:00,2026-06-15 09:32:00,TXO46000F6,Put,360.0,371.0,900.0,0.025,📈 突破前次反曲高點 (45557.1)，空單趨勢反轉出場,2026-06-15 09:07:00,45609.0,45630.0,45554.0,45573.0,488,09:07:00,2026-06-15,0,-0.0006578514571409233,488,45812.566401178905,-0.005229272664644583,5.322018109363853,53.549023869582896,-48.22700576021904,73.85714285714286,27.022058822833984,0.0,36.0,21.0,19.0,43.0,0,45400.0,44704.0,0.015569076592698293,0.0038105726872245857,-0.0044194139634256575,45905.0,45554.0,-0.007232327633155272,0.0004170874127409137,0,-0.005233529898851557,45685.24427166871,False,False,45833.16428980208,45774.43579635452,-1,45962.25690468385,45588.34309531616,0.00816846223547809,0,8020.059141723765,7168.881223601686,45775.3,-4.214470701784847,1.0158201498729895,-0.0006578514571409233,0,0.9595999999999999,32711.0,3843.0,0.0,923.0,0.0,379.0,-544.0,0.0,0.0,0.0
2026-06-15 09:33:01,2026-06-15 09:54:00,TXO45000R6,Call,299.0,269.0,-4800.0,-0.10702341137123746,📉 跌破前次反曲低點 (45696.4)，多單趨勢反轉出場,2026-06-15 09:32:00,45631.0,45661.0,45617.0,45649.0,462,09:32:00,2026-06-15,0,0.00024102721416352502,462,45738.608921438085,-0.001959152749747972,-1.7442626090341946,-29.776556357396768,28.032293748362573,77.85714285714286,62.12832550724602,99.99999999782608,18.0,12.0,14.0,43.8,0,45400.0,44704.0,0.015569076592698293,0.005484581497797236,0.0032306272251768444,45661.0,45340.0,-0.0002628063336326348,0.006815174239082338,0,-0.001969340280385094,45552.492734070845,False,False,45557.097826785495,45454.33089060089,1,45659.14827057883,45344.85172942117,0.006907312671039776,1,12162.53633217993,4507.525044897696,45502.0,3.836467547771076,1.3826125991279887,0.00024102721416352502,0,0.9595999999999999,32711.0,3843.0,0.0,923.0,0.0,379.0,-544.0,0.0,0.0,0.0
2026-06-15 09:56:01,2026-06-15 10:04:35,TXO46000F6,Put,370.0,307.0,-6500.0,-0.17567567567567569,觸及原始動態停損 (309.1),2026-06-15 09:55:00,45690.0,45712.0,45662.0,45671.0,125,09:55:00,2026-06-15,0,-0.0006127048731919826,125,45732.15666666667,-0.0013372793046352025,25.221467872186622,31.592763089160393,-6.37129521697377,44.92857142857143,50.883392223631205,6.896551723781215,19.0,22.0,9.0,18.4,1,45400.0,44704.0,0.015569076592698293,0.0059691629955945825,-0.0004924113933053828,45744.0,45626.0,-0.001595837705491396,0.0009862797527725204,0,-0.0013384106419221146,45694.061119864564,False,False,45700.032999788375,45696.36406216933,-1,45734.57246482577,45652.42753517423,0.0017977377450082172,1,6996.170343137255,-4506.154952599536,45693.5,1.9371933461235984,0.6027000964291095,-0.0006127048731919826,1,0.9595999999999999,32711.0,3843.0,0.0,923.0,0.0,379.0,-544.0,0.0,0.0,0.0
2026-06-15 10:05:00,2026-06-15 10:09:03,TXO46000F6,Put,302.0,329.0,3750.0,0.08278145695364239,觸及高點回檔動態停利 (329.0),2026-06-15 10:04:00,45585.0,45585.0,45519.0,45520.0,321,10:04:00,2026-06-15,0,-0.001360186038348421,321,45727.372105705654,-0.004534966610945356,-16.457844022588688,1.1678916341462076,-17.625735656734896,50.714285714285715,26.648351647326706,0.0,65.0,0.0,1.0,29.0,1,45400.0,44704.0,0.015569076592698293,0.0026431718061673427,-0.003048673651750229,45744.0,45519.0,-0.004896817068905105,2.1968848173289792e-05,0,-0.004541737606126458,45607.949057129365,False,False,45700.032999788375,45696.36406216933,-1,45768.329763408605,45550.07023659139,0.004780187274792607,0,19226.21052631579,18514.645695868865,45659.2,-4.061058173838009,1.784820683893329,-0.001360186038348421,0,0.9595999999999999,32711.0,3843.0,0.0,923.0,0.0,379.0,-544.0,0.0,0.0,0.0
2026-06-15 10:10:00,2026-06-15 10:11:00,TXO46000F6,Call,324.0,307.0,-2850.0,-0.05864197530864197,📉 跌破前次反曲低點 (45576.9)，多單趨勢反轉出場,2026-06-15 10:09:00,45596.0,45628.0,45589.0,45598.0,147,10:09:00,2026-06-15,0,-4.38596491227905e-05,147,45724.459329716214,-0.002765682340917814,-23.332179952747538,-16.69702402871465,-6.635155924032887,52.57142857142857,40.56847545072879,97.3684210487881,2.0,30.0,7.0,22.2,0,45400.0,44704.0,0.015569076592698293,0.004361233480176116,-0.0005698755041206258,45744.0,45507.0,-0.003191675410982792,0.0019996923550222603,0,-0.002771772087414758,45581.08986704015,False,False,45700.032999788375,45576.86233380019,0,45750.351223094294,45497.648776905706,0.005538805150547585,0,8615.560411311055,3295.6628486130166,45624.0,-4.3160392343296206,0.859397836884774,-4.38596491227905e-05,0,0.9595999999999999,32711.0,3843.0,0.0,923.0,0.0,379.0,-544.0,0.0,0.0,0.0
2026-06-15 10:12:02,2026-06-15 10:17:00,TXO46000F6,Put,310.0,326.0,2100.0,0.04516129032258064,📈 突破前次反曲高點 (45573.3)，空單趨勢反轉出場,2026-06-15 10:11:00,45538.0,45565.0,45536.0,45538.0,98,10:11:00,2026-06-15,0,-8.783101313070141e-05,98,45723.74309601103,-0.00406228981780866,-26.982398125968757,-20.140496863177997,-6.84190126279076,51.285714285714285,41.099476438284306,0.0,0.0,27.0,2.0,24.8,0,45400.0,44704.0,0.015569076592698293,0.003039647577092444,-0.0015348184529029659,45744.0,45507.0,-0.004503322840153802,0.0006812138791834075,0,-0.004072599017957916,45566.2175149057,False,False,45573.271893632125,45576.86233380019,-1,45732.03734581318,45483.96265418682,0.005439280205804997,0,6918.951937984496,-2704.6315734524624,45608.0,-4.547571432485001,0.5925030229710248,-8.783101313070141e-05,1,0.9595999999999999,32711.0,3843.0,0.0,923.0,0.0,379.0,-544.0,0.0,0.0,0.0
2026-06-15 10:18:01,2026-06-15 10:19:03,TXO46000F6,Call,323.0,314.0,-1650.0,-0.034055727554179564,📉 跌破前次反曲低點 (45557.8)，多單趨勢反轉出場,2026-06-15 10:17:00,45585.0,45590.0,45541.0,45564.0,126,10:17:00,2026-06-15,0,-0.0005045298001623566,126,45720.98329141607,-0.00343350645841298,-19.92064099129493,-22.608185463202712,2.6875444719077812,46.5,47.47191011049267,71.95121950956276,21.0,5.0,23.0,22.0,0,45400.0,44704.0,0.015569076592698293,0.0036123348017620353,-0.00020077611488346218,45668.0,45507.0,-0.0022773057720941957,0.0012525545520469105,0,-0.0034446443007794944,45563.68505222745,False,False,45573.271893632125,45557.75789410538,0,45652.64385940252,45493.656140597486,0.003488626939437519,1,8738.301369863013,-3966.2609427227953,45573.15,-2.34732257148027,0.8510638297814855,-0.0005045298001623566,0,0.9595999999999999,32711.0,3843.0,0.0,923.0,0.0,379.0,-544.0,0.0,0.0,0.0
2026-06-15 10:21:02,2026-06-15 10:25:00,TXO46000F6,Put,317.0,318.0,-150.0,-0.0031545741324921135,📈 突破前次反曲高點 (45559.0)，空單趨勢反轉出場,2026-06-15 10:20:00,45565.0,45570.0,45547.0,45547.0,30,10:20:00,2026-06-15,0,-0.0005047180162387477,30,45720.37830947244,-0.0037921451195979615,-18.199709626031108,-20.70317695605183,2.5034673300207224,41.42857142857143,53.23076922847621,37.31343283415015,18.0,5.0,0.0,18.8,0,45400.0,44704.0,0.015569076592698293,0.003237885462554995,-0.0003478711274645506,45652.0,45507.0,-0.0023000087619380904,0.0008789856505592354,0,-0.0038052560248632034,45558.96674674046,True,False,45558.96674674046,45561.95843342557,-1,45628.820567588686,45496.87943241131,0.0028958051389974806,1,3207.5352112676055,-6329.337847822604,45562.85,-2.2601027139890286,0.23631350925375097,-0.0005047180162387477,1,0.9595999999999999,32711.0,3843.0,0.0,923.0,0.0,379.0,-544.0,0.0,0.0,0.0
2026-06-15 10:26:01,2026-06-15 10:27:00,TXO46000F6,Put,309.0,316.0,750.0,0.016181229773462782,📈 突破前次反曲高點 (45546.5)，空單趨勢反轉出場,2026-06-15 10:25:00,45562.0,45564.0,45499.0,45525.0,347,10:25:00,2026-06-15,0,-0.0008778667837155973,347,45717.57766858353,-0.004212333163833882,-17.665850839628547,-18.84049618117678,1.1746453415482314,37.142857142857146,47.68683273783766,39.240506327623784,37.0,2.0,26.0,16.2,1,45400.0,44704.0,0.015569076592698293,0.0027533039647576487,-0.0006102808169860535,45628.0,45499.0,-0.002257385815727136,0.0005714411305742858,0,-0.004227570392676755,45546.48798357192,True,False,45546.48798357192,45551.8599794649,-1,45598.69048747409,45506.90951252592,0.002014826200544545,1,22155.925666199157,8384.365419001308,45552.8,-0.20854485086235264,2.901337792617882,-0.0008778667837155973,0,0.9595999999999999,32711.0,3843.0,0.0,923.0,0.0,379.0,-544.0,0.0,0.0,0.0
2026-06-15 10:28:01,2026-06-15 10:30:10,TXO46000F6,Call,320.0,345.0,3450.0,0.071875,觸及動態停利 (344.1),2026-06-15 10:27:00,45552.0,45595.0,45539.0,45554.0,263,10:27:00,2026-06-15,0,0.0,263,45715.06392742345,-0.003523213435272632,-14.543223247193964,-17.529335283375808,2.9861120361818436,40.714285714285715,50.511945390077926,42.02898550541903,2.0,41.0,13.0,20.4,0,45400.0,44704.0,0.015569076592698293,0.0033920704845814232,-2.8536745450098713e-05,45628.0,45488.0,-0.0016218111685806606,0.0014509321139640906,0,-0.003535569460050653,45549.19230948604,False,False,45546.48798357192,45547.99038685754,1,45598.171165608226,45512.42883439178,0.001882159292474083,1,9950.749169435216,-3398.4138570662903,45555.3,0.3731867514322393,1.848208011230863,0.0,0,0.9595999999999999,32711.0,3843.0,0.0,923.0,0.0,379.0,-544.0,0.0,0.0,0.0
2026-06-15 10:31:00,2026-06-15 10:33:57,TXO46000F6,Call,355.0,328.0,-2900.0,-0.08169014084507042,觸及原始動態停損 (328.8),2026-06-15 10:30:00,45600.0,45647.0,45599.0,45642.0,208,10:30:00,2026-06-15,0,0.0008552068942833113,208,45713.92876628224,-0.0015734540483269667,0.27934068661852507,-11.390475464428512,11.669816151047037,42.214285714285715,59.19732441194394,99.99999999659092,42.0,5.0,1.0,24.8,1,45400.0,44704.0,0.015569076592698293,0.005330396475770808,0.0018097193672895206,45647.0,45488.0,-0.00010953622362915177,0.0033855082659162115,0,-0.0015787857053512898,45580.30646245686,False,False,45546.48798357192,45547.99038685754,1,45615.31822334756,45503.781776652446,0.0024481463643761118,1,8093.381074168798,-1866.5610635343132,45559.55,0.9329320627896204,1.4339882798935955,0.0008552068942833113,0,0.9595999999999999,32711.0,3843.0,0.0,923.0,0.0,379.0,-544.0,0.0,0.0,0.0
2026-06-15 10:34:00,2026-06-15 10:41:00,TXO46000F6,Call,330.0,316.0,-1600.0,-0.048484848484848485,📉 跌破前次反曲低點 (45548.0)，多單趨勢反轉出場,2026-06-15 10:33:00,45631.0,45636.0,45577.0,45578.0,142,10:33:00,2026-06-15,0,-0.0012928106580186727,142,45713.16505834907,-0.0029568081356112635,7.5107399407716,-2.0802955318849463,9.591035472656547,42.714285714285715,51.333333330937776,2.941176470458487,53.0,5.0,1.0,26.0,1,45400.0,44704.0,0.015569076592698293,0.003920704845814892,0.00016677492407348582,45658.0,45488.0,-0.0017521573437294287,0.0019785437917692146,0,-0.0029660713609945726,45597.06890877792,True,False,45597.06890877792,45547.99038685754,0,45643.39430402127,45497.405695978734,0.0032035840818279344,0,8182.144121365361,109.67362883710402,45570.4,2.381498500314104,0.9382226626961466,-0.0012928106580186727,0,0.9595999999999999,32711.0,3843.0,0.0,923.0,0.0,379.0,-544.0,0.0,0.0,0.0
2026-06-15 10:43:03,2026-06-15 10:48:00,TXO46000F6,Put,311.0,345.0,4800.0,0.10289389067524116,📈 突破前次反曲高點 (45597.1)，空單趨勢反轉出場,2026-06-15 10:42:00,45520.0,45520.0,45500.0,45515.0,72,10:42:00,2026-06-15,0,2.1971261589870394e-05,72,45710.19720423099,-0.004270320763633055,-11.694383139241836,-3.998861678763509,-7.695521460478327,36.92857142857143,35.294117644823004,1.8867924527233981,5.0,0.0,15.0,15.6,0,45400.0,44704.0,0.015569076592698293,0.002533039647577037,-0.0012157014202201482,45658.0,45488.0,-0.003131981251916354,0.0005935631375307643,0,-0.0042834209098666955,45549.208782347625,False,False,45597.06890877792,45547.99038685754,-1,45647.0273278075,45493.77267219251,0.0033630307308030365,0,6502.142857142857,-2414.5146476778796,45570.4,-0.7021609001696355,0.47777040477453375,2.1971261589870394e-05,-1,0.9595999999999999,32711.0,3843.0,0.0,923.0,0.0,379.0,-544.0,0.0,0.0,0.0
2026-06-15 10:49:00,2026-06-15 10:55:00,TXO46000F6,Call,345.0,360.0,1300.0,0.03768115942028986,觸及動態停利 (360.0),2026-06-15 10:48:00,45627.0,45657.0,45624.0,45631.0,408,10:48:00,2026-06-15,0,-2.1914446002857524e-05,408,45707.8775337894,-0.001681931823077183,0.9614844996394822,-7.057140091987117,8.0186245916266,34.5,63.15789473261143,99.09909909642074,4.0,26.0,3.0,23.4,0,45400.0,44704.0,0.015569076592698293,0.005088105726872135,0.001248516152814871,45658.0,45500.0,-0.0005913531035086822,0.002879120879120816,0,-0.0016868689406789167,45572.95015503974,False,False,45597.06890877792,45540.04711724959,1,45663.751723784,45484.448276216,0.003934327777575408,0,18748.688821752265,15798.44989056046,45574.1,1.43742641419072,2.9748450601314267,-2.1914446002857524e-05,0,0.9595999999999999,32711.0,3843.0,0.0,923.0,0.0,379.0,-544.0,0.0,0.0,0.0
2026-06-15 10:55:00,2026-06-15 11:09:00,TXO46000F6,Call,362.0,353.0,-1100.0,-0.03038674033149171,📉 跌破前次反曲低點 (45685.6)，多單趨勢反轉出場,2026-06-15 10:54:00,45637.0,45678.0,45633.0,45675.0,233,10:54:00,2026-06-15,0,0.0008984529079194559,233,45706.73854796888,-0.000694395377512483,19.072434971392795,7.364895685718186,11.70753928567461,36.07142857142857,73.26732672928799,74.999999996875,38.0,3.0,4.0,28.4,1,45400.0,44704.0,0.015569076592698293,0.006057268722466827,0.002115027666492594,45678.0,45500.0,-6.567713122290676e-05,0.003846153846153762,0,-0.0006963475834905243,45619.93234144275,False,False,45597.06890877792,45540.04711724959,1,45676.21449417058,45480.98550582942,0.004283347631150439,0,16785.922712933752,20175.52558908837,45578.6,1.5250709596859209,1.8055017434962766,0.0008984529079194559,0,0.9595999999999999,32711.0,3843.0,0.0,923.0,0.0,379.0,-544.0,0.0,0.0,0.0
2026-06-15 11:10:00,2026-06-15 11:16:00,TXO46000F6,Put,349.0,358.0,700.0,0.02005730659025788,📈 突破前次反曲高點 (45680.1)，空單趨勢反轉出場,2026-06-15 11:09:00,45663.0,45667.0,45641.0,45652.0,53,11:09:00,2026-06-15,0,-0.0001314118007796905,53,45705.9844648876,-0.0011811246496413028,19.480651837293408,26.225980098163387,-6.745328260869979,26.928571428571427,46.15384615092238,33.333333331481484,11.0,4.0,11.0,17.8,0,45400.0,44704.0,0.015569076592698293,0.00555066079295142,-0.00043024502070761677,45712.0,45580.0,-0.0013125656282813854,0.0015796401930671,0,-0.0011820125808373726,45674.474693165765,False,False,45680.0933664572,45685.6167080715,-1,45734.21037083058,45609.08962916942,0.002739571302135024,1,5816.240384615385,-1966.924735334396,45671.65,1.3577004058876823,0.45337895636909,-0.0001314118007796905,1,0.9595999999999999,32711.0,3843.0,0.0,923.0,0.0,379.0,-544.0,0.0,0.0,0.0
2026-06-15 11:17:01,2026-06-15 11:32:00,TXO46000F6,Put,353.0,352.0,-300.0,-0.0084985835694051,📈 突破前次反曲高點 (45662.6)，空單趨勢反轉出場,2026-06-15 11:16:00,45681.0,45685.0,45650.0,45661.0,75,11:16:00,2026-06-15,0,-0.0004378187868041561,75,45705.45869567945,-0.000972721791842637,7.7363289427084965,13.128499783201006,-5.3921708404925095,30.857142857142858,42.3999999976256,67.74193548059313,20.0,4.0,11.0,21.4,0,45400.0,44704.0,0.015569076592698293,0.0057488986784139705,-0.00031526817499137697,45712.0,45610.0,-0.0011156807840391777,0.0011181758386318546,0,-0.0009733619339830839,45662.58025437221,True,False,45662.58025437221,45662.97531796526,-1,45719.176465661665,45631.62353433834,0.0019168508939894438,1,7783.125,-4796.443915207473,45675.4,-0.48163651330128765,0.8782201405049388,-0.0004378187868041561,0,0.9595999999999999,32711.0,3843.0,0.0,923.0,0.0,379.0,-544.0,0.0,0.0,0.0
2026-06-15 11:33:04,2026-06-15 11:33:34,TXO46000F6,Call,359.0,367.0,600.0,0.016713091922005572,觸及動態停利 (366.8),2026-06-15 11:32:00,45669.0,45682.0,45663.0,45673.0,75,11:32:00,2026-06-15,0,0.0001313859022926689,75,45704.41450656032,-0.0006873407503297656,1.1186868977893027,-0.6427128244364623,1.761399722225765,20.5,55.65217390626844,96.15384614275148,4.0,9.0,6.0,10.6,0,45400.0,44704.0,0.015569076592698293,0.006013215859030705,0.0004808213611734365,45687.0,45610.0,-0.00030643290213845724,0.0013812760359569968,0,-0.000688144228014948,45653.627069881506,False,False,45662.58025437221,45643.28724586231,1,45677.97269632514,45624.12730367487,0.0011794995438279866,1,6976.5274949083505,-5240.443402327634,45651.05,0.2628705242195463,1.0989010988849977,0.0001313859022926689,0,0.9595999999999999,32711.0,3843.0,0.0,923.0,0.0,379.0,-544.0,0.0,0.0,0.0
2026-06-15 11:33:59,2026-06-15 11:36:40,TXO46000F6,Call,364.0,348.0,-1800.0,-0.04945054945054945,觸及原始動態停損 (348.9),2026-06-15 11:33:00,45674.0,45727.0,45674.0,45703.0,371,11:33:00,2026-06-15,0,0.0006568432115254819,371,45704.39354542954,-3.0490404126186082e-05,5.057507843142957,0.4973313090794217,4.560176534063536,22.857142857142858,68.61313867911983,99.99999999454545,29.0,24.0,0.0,14.8,1,45400.0,44704.0,0.015569076592698293,0.006674008810572541,0.0010678085829906073,45727.0,45620.0,-0.0005248540249742925,0.001819377466023634,0,-3.052389272723563e-05,45663.5016559052,False,False,45662.58025437221,45643.28724586231,1,45689.168702552364,45619.331297447636,0.0015297021658383831,1,20881.543103448275,4191.664497998067,45654.25,1.1391255677822625,4.583075972766114,0.0006568432115254819,0,0.9595999999999999,32711.0,3843.0,0.0,923.0,0.0,379.0,-544.0,0.0,0.0,0.0
2026-06-15 11:37:00,2026-06-15 11:37:26,TXO46000F6,Call,353.0,327.0,-2800.0,-0.07932011331444759,觸及原始動態停損 (329.8),2026-06-15 11:36:00,45699.0,45700.0,45664.0,45667.0,99,11:36:00,2026-06-15,0,-0.0006564982383964191,99,45704.3474595871,-0.0008171533270467083,9.446564741047041,5.041879297288023,4.404685443759018,24.928571428571427,56.44171778656329,21.8749999989746,32.0,1.0,3.0,19.2,1,45400.0,44704.0,0.015569076592698293,0.005881057268722338,0.00019054585913178763,45727.0,45620.0,-0.0013121350624357314,0.0010302498903989254,0,-0.0008179774452202637,45676.40884782347,True,False,45676.40884782347,45643.28724586231,0,45705.57567526911,45611.0243247309,0.0020708469333770496,0,6658.369661266568,-6811.361292467395,45658.3,0.887102515100546,1.2058465286089421,-0.0006564982383964191,0,0.9595999999999999,32711.0,3843.0,0.0,923.0,0.0,379.0,-544.0,0.0,0.0,0.0
2026-06-15 11:39:01,2026-06-15 11:58:04,TXO46000F6,Put,327.0,311.0,-1800.0,-0.05504587155963303,📈 突破前次反曲高點 (45570.1)，空單趨勢反轉出場,2026-06-15 11:38:00,45610.0,45623.0,45596.0,45600.0,96,11:38:00,2026-06-15,0,-0.00013156163662675358,96,45703.56215583742,-0.0022659537014707094,-1.7632093521388015,3.4264229560260833,-5.189632308164885,30.714285714285715,39.20704845573172,0.0,10.0,13.0,4.0,26.6,0,45400.0,44704.0,0.015569076592698293,0.004405286343612238,-0.0011499917857729336,45727.0,45588.0,-0.0027773525488222982,0.0002632271650434267,0,-0.0022684881624755802,45649.86166260702,False,False,45676.40884782347,45643.28724586231,-1,45710.6486298752,45594.3513701248,0.0025474455889687333,0,5980.327868852459,4375.4735569601635,45652.5,-1.2046081738140086,0.9595202398704695,-0.00013156163662675358,0,0.9595999999999999,32711.0,3843.0,0.0,923.0,0.0,379.0,-544.0,0.0,0.0,0.0
2026-06-15 11:59:02,2026-06-15 12:01:02,TXO46000F6,Call,321.0,310.0,-1300.0,-0.040498442367601244,📉 跌破前次反曲低點 (45569.3)，多單趨勢反轉出場,2026-06-15 11:58:00,45573.0,45596.0,45572.0,45592.0,48,11:58:00,2026-06-15,0,0.0004388659703327136,48,45700.44969711925,-0.002373055360242618,-16.734878971452417,-19.5837080340311,2.848829062578684,26.214285714285715,49.999999996875,99.99999999032258,19.0,4.0,1.0,14.8,1,45400.0,44704.0,0.015569076592698293,0.004229074889867748,0.0002457174950855809,45622.0,45534.0,-0.0006575774845469148,0.0012737734440198254,0,-0.002379284635619536,45573.865668716564,False,False,45570.081384212026,45569.3320858957,1,45620.86626088935,45540.733739110656,0.0017580323684247008,1,9312.408510638297,3455.957806391898,45580.8,-1.6012950748102324,0.6548431104958411,0.0004388659703327136,-1,0.9595999999999999,32711.0,3843.0,0.0,923.0,0.0,379.0,-544.0,0.0,0.0,0.0
2026-06-15 12:17:02,2026-06-15 12:40:24,TXO46000F6,Call,324.0,305.0,-2100.0,-0.06481481481481481,觸及原始動態停損 (305.4),2026-06-15 12:16:00,45578.0,45605.0,45575.0,45593.0,110,12:16:00,2026-06-15,0,0.0003730033350886064,110,45697.267685039915,-0.0022817050191831713,0.1755514824471902,-7.501856797446353,7.677408279893543,22.785714285714285,76.55172413053984,67.99999999184,15.0,12.0,3.0,9.2,1,45400.0,44704.0,0.015569076592698293,0.004251101321585809,0.0007451867411633111,45605.0,45505.0,-0.0002631290428681008,0.0019338534227007597,0,-0.002288627287880509,45573.945721074066,False,False,45574.2340279786,45537.454075539485,1,45613.777939545784,45504.32206045422,0.0024025057390696086,0,14750.676470588236,4088.7539527245426,45559.05,0.5487685085898734,1.6200294550571421,0.0003730033350886064,0,0.9595999999999999,32711.0,3843.0,0.0,923.0,0.0,379.0,-544.0,0.0,0.0,0.0
2026-06-15 12:41:04,2026-06-15 12:57:00,TXO46000F6,Put,303.0,309.0,600.0,0.013201320132013201,📈 突破前次反曲高點 (45558.0)，空單趨勢反轉出場,2026-06-15 12:40:00,45576.0,45576.0,45537.0,45537.0,156,12:40:00,2026-06-15,0,-0.0009433962264151496,156,45694.99483282505,-0.0034575960321927297,-8.191772164536815,-1.2816878699505074,-6.910084294586307,18.857142857142858,18.65671641596124,22.58064516019772,39.0,0.0,0.0,11.6,1,45400.0,44704.0,0.015569076592698293,0.003017621145374383,-0.0013607739634926945,45641.0,45537.0,-0.002278652965535324,0.0,0,-0.0034648711502771033,45572.98661512014,False,False,45615.68681362388,45537.454075539485,-1,45654.412822396895,45543.68717760311,0.002428244553204091,0,23444.79207920792,11469.11869216809,45599.05,-1.5019986449118523,2.783229259539996,-0.0009433962264151496,0,0.9595999999999999,32711.0,3843.0,0.0,923.0,0.0,379.0,-544.0,0.0,0.0,0.0
2026-06-15 12:59:00,2026-06-15 13:00:33,TXO46000F6,Call,320.0,310.0,-1200.0,-0.0375,觸及原始動態停損 (310.9),2026-06-15 12:58:00,45576.0,45594.0,45572.0,45594.0,91,12:58:00,2026-06-15,0,0.000372995151062927,91,45692.30408351108,-0.002151436341039174,-2.80521329279145,-9.52335020947847,6.718136916687021,17.428571428571427,64.75409835322495,99.99999999268293,18.0,0.0,4.0,11.8,1,45400.0,44704.0,0.015569076592698293,0.004273127753303871,0.0009396020302429349,45594.0,45518.0,0.0,0.001669669141877902,0,-0.0021581008515928974,45560.71395751983,False,False,45558.00543618725,45541.300698280895,1,45587.95008053816,45514.44991946183,0.001613572443235892,1,14017.074324324325,-406.71513609629625,45551.2,0.2305151574683364,1.3935681469924415,0.000372995151062927,0,0.9595999999999999,32711.0,3843.0,0.0,923.0,0.0,379.0,-544.0,0.0,0.0,0.0
2026-06-15 13:01:00,2026-06-15 13:02:17,TXO46000F6,Call,312.0,318.0,400.0,0.01282051282051282,觸及動態停利 (317.5),2026-06-15 13:00:00,45586.0,45588.0,45554.0,45568.0,116,13:00:00,2026-06-15,0,-0.00046063743446889127,116,45691.83748778909,-0.0027102759398148837,0.2658273114138865,-6.064962792480414,6.330790103894301,18.785714285714285,51.77304964024948,39.53488371817198,18.0,2.0,14.0,12.2,1,45400.0,44704.0,0.015569076592698293,0.00370044052863428,0.00032489484822147705,45604.0,45518.0,-0.0007894044382071576,0.0010984665407091458,0,-0.0027185244459025162,45566.696932812694,False,False,45558.00543618725,45541.300698280895,1,45591.630251222625,45514.76974877737,0.0016872690051468115,1,11878.4,836.4167984082449,45553.2,0.7464357692007823,1.6702663786656549,-0.00046063743446889127,0,0.9595999999999999,32711.0,3843.0,0.0,923.0,0.0,379.0,-544.0,0.0,0.0,0.0
2026-06-15 13:03:01,2026-06-15 13:03:31,TXO46000F6,Call,324.0,331.0,500.0,0.015432098765432098,觸及動態停利 (330.9),2026-06-15 13:02:00,45578.0,45619.0,45575.0,45606.0,136,13:02:00,2026-06-15,0,0.0007241129616220032,136,45691.48286328362,-0.0018708708478426576,4.166968014447775,-2.890829971124485,7.05779798557226,20.714285714285715,73.99999999309334,64.40677965774202,28.0,13.0,3.0,15.4,1,45400.0,44704.0,0.015569076592698293,0.004537444933920606,0.00107447694703665,45619.0,45526.0,-0.00028496898222231344,0.0017572376224574584,0,-0.0018763915416740039,45575.56603700013,False,False,45558.00543618725,45541.300698280895,1,45602.60378542918,45511.49621457083,0.001999856682079944,0,11016.724689165187,-3003.888311736365,45557.05,1.1854674858103835,2.005899704985164,0.0007241129616220032,0,0.9595999999999999,32711.0,3843.0,0.0,923.0,0.0,379.0,-544.0,0.0,0.0,0.0
2026-06-15 13:04:01,2026-06-15 13:12:58,TXO46000F6,Call,330.0,317.0,-1500.0,-0.045454545454545456,觸及原始動態停損 (317.5),2026-06-15 13:03:00,45607.0,45634.0,45605.0,45632.0,141,13:03:00,2026-06-15,0,0.0005701004253826358,141,45691.32634387481,-0.0012984158837569528,8.687761541586951,-0.5751116685821978,9.262873210169149,21.857142857142858,78.735632177573,99.9999999953125,25.0,2.0,2.0,16.8,1,45400.0,44704.0,0.015569076592698293,0.005110132158590196,0.001566044382597636,45634.0,45526.0,-4.3826971118025076e-05,0.0023283398497561322,0,-0.0013021399798907511,45586.8528296001,False,False,45558.00543618725,45541.300698280895,1,45617.23072945689,45504.069270543114,0.002483754268514009,0,10496.104404567699,-1163.705208977893,45560.65,1.6354504184128373,1.9394773039623179,0.0005701004253826358,0,0.9595999999999999,32711.0,3843.0,0.0,923.0,0.0,379.0,-544.0,0.0,0.0,0.0
2026-06-15 13:13:00,2026-06-15 13:20:00,TXO46000F6,Call,320.0,316.0,-600.0,-0.01875,📉 跌破前次反曲低點 (45612.4)，多單趨勢反轉出場,2026-06-15 13:12:00,45632.0,45632.0,45606.0,45610.0,89,13:12:00,2026-06-15,0,-0.00043830813061584983,89,45690.498306069116,-0.0017618172060605698,18.043352750260965,16.094455063702757,1.9488976865582082,24.428571428571427,53.92156862375048,8.695652173345934,22.0,0.0,4.0,13.8,1,45400.0,44704.0,0.015569076592698293,0.00462555066079285,0.0002006541544730253,45655.0,45527.0,-0.000985653269083321,0.0018230939881827967,0,-0.0017652808241318723,45624.9666509633,True,False,45624.9666509633,45541.300698280895,0,45676.64272287358,45525.05727712642,0.003324180267410684,0,8352.448559670782,-2647.1106703447326,45600.85,3.1478617573181853,0.9700272479458307,-0.00043830813061584983,0,0.9595999999999999,32711.0,3843.0,0.0,923.0,0.0,379.0,-544.0,0.0,0.0,0.0
2026-06-15 13:22:00,2026-06-15 13:25:00,TXO46000F6,Put,315.0,307.0,-1000.0,-0.031746031746031744,尾盤強制平倉 (EOD),2026-06-15 13:21:00,45593.0,45600.0,45587.0,45589.0,121,13:21:00,2026-06-15,0,-0.0001096635522217504,121,45688.95962462153,-0.0021878288637515787,3.146423446800327,8.356746533129588,-5.210323086329261,19.142857142857142,33.33333332944444,0.0,4.0,7.0,2.0,8.6,0,45400.0,44704.0,0.015569076592698293,0.004162995594713565,-0.000637904691339576,45655.0,45575.0,-0.0014456247946555373,0.0003071859572133778,0,-0.0021912272677188983,45603.690589568076,False,False,45610.70404620011,45612.38005775013,-1,45654.69680743273,45581.50319256727,0.0016044862645630232,1,9494.438898450946,6294.616483772939,45618.1,0.6247910512380278,1.0670194003433242,-0.0001096635522217504,0,0.9595999999999999,32711.0,3843.0,0.0,923.0,0.0,379.0,-544.0,0.0,0.0,0.0
